-- phpMyAdmin SQL Dump
-- version 4.9.2
-- https://www.phpmyadmin.net/
--
-- Host: 127.0.0.1
-- Generation Time: Dec 26, 2024 at 07:14 AM
-- Server version: 10.4.11-MariaDB
-- PHP Version: 7.4.1

SET SQL_MODE = "NO_AUTO_VALUE_ON_ZERO";
SET AUTOCOMMIT = 0;
START TRANSACTION;
SET time_zone = "+00:00";


/*!40101 SET @OLD_CHARACTER_SET_CLIENT=@@CHARACTER_SET_CLIENT */;
/*!40101 SET @OLD_CHARACTER_SET_RESULTS=@@CHARACTER_SET_RESULTS */;
/*!40101 SET @OLD_COLLATION_CONNECTION=@@COLLATION_CONNECTION */;
/*!40101 SET NAMES utf8mb4 */;

--
-- Database: `routine2`
--

-- --------------------------------------------------------

--
-- Table structure for table `failed_jobs`
--

CREATE TABLE `failed_jobs` (
  `id` bigint(20) UNSIGNED NOT NULL,
  `uuid` varchar(255) COLLATE utf8mb4_unicode_ci NOT NULL,
  `connection` text COLLATE utf8mb4_unicode_ci NOT NULL,
  `queue` text COLLATE utf8mb4_unicode_ci NOT NULL,
  `payload` longtext COLLATE utf8mb4_unicode_ci NOT NULL,
  `exception` longtext COLLATE utf8mb4_unicode_ci NOT NULL,
  `failed_at` timestamp NOT NULL DEFAULT current_timestamp()
) ENGINE=InnoDB DEFAULT CHARSET=utf8mb4 COLLATE=utf8mb4_unicode_ci;

-- --------------------------------------------------------

--
-- Table structure for table `migrations`
--

CREATE TABLE `migrations` (
  `id` int(10) UNSIGNED NOT NULL,
  `migration` varchar(255) COLLATE utf8mb4_unicode_ci NOT NULL,
  `batch` int(11) NOT NULL
) ENGINE=InnoDB DEFAULT CHARSET=utf8mb4 COLLATE=utf8mb4_unicode_ci;

--
-- Dumping data for table `migrations`
--

INSERT INTO `migrations` (`id`, `migration`, `batch`) VALUES
(1, '2014_10_12_000000_create_users_table', 1),
(2, '2014_10_12_100000_create_password_resets_table', 1),
(3, '2019_08_19_000000_create_failed_jobs_table', 1),
(4, '2019_12_14_000001_create_personal_access_tokens_table', 1),
(5, '2024_12_22_150000_create_schools_table', 1),
(6, '2024_12_22_150001_create_sessions_table', 1),
(7, '2024_12_22_150916_create_wsdays_table', 1),
(8, '2024_12_22_151625_create_wstimes_table', 1),
(9, '2024_12_22_151643_create_wsperiods_table', 1),
(10, '2024_12_22_151710_create_wsperiodtimes_table', 1),
(11, '2024_12_22_151727_create_wsdayperiodtimes_table', 1),
(12, '2024_12_22_151743_create_wsclasses_table', 1),
(13, '2024_12_22_152004_create_wssections_table', 1),
(14, '2024_12_22_152018_create_wssubjects_table', 1),
(16, '2024_12_22_152055_create_wsclasssections_table', 1),
(17, '2024_12_22_152111_create_wsclasssubjects_table', 1),
(18, '2024_12_22_152157_create_wssubjectteachers_table', 1),
(19, '2024_12_22_152230_create_wsclassdaytps_table', 1),
(20, '2024_12_22_152252_create_wsclasssubjectweektps_table', 1),
(21, '2024_12_22_152407_create_wsclasssectionsubjectteacherweektps_table', 1),
(22, '2024_12_22_152653_create_wsweeklyschedules_table', 1);

-- --------------------------------------------------------

--
-- Table structure for table `password_resets`
--

CREATE TABLE `password_resets` (
  `email` varchar(255) COLLATE utf8mb4_unicode_ci NOT NULL,
  `token` varchar(255) COLLATE utf8mb4_unicode_ci NOT NULL,
  `created_at` timestamp NULL DEFAULT NULL
) ENGINE=InnoDB DEFAULT CHARSET=utf8mb4 COLLATE=utf8mb4_unicode_ci;

-- --------------------------------------------------------

--
-- Table structure for table `personal_access_tokens`
--

CREATE TABLE `personal_access_tokens` (
  `id` bigint(20) UNSIGNED NOT NULL,
  `tokenable_type` varchar(255) COLLATE utf8mb4_unicode_ci NOT NULL,
  `tokenable_id` bigint(20) UNSIGNED NOT NULL,
  `name` varchar(255) COLLATE utf8mb4_unicode_ci NOT NULL,
  `token` varchar(64) COLLATE utf8mb4_unicode_ci NOT NULL,
  `abilities` text COLLATE utf8mb4_unicode_ci DEFAULT NULL,
  `last_used_at` timestamp NULL DEFAULT NULL,
  `created_at` timestamp NULL DEFAULT NULL,
  `updated_at` timestamp NULL DEFAULT NULL
) ENGINE=InnoDB DEFAULT CHARSET=utf8mb4 COLLATE=utf8mb4_unicode_ci;

-- --------------------------------------------------------

--
-- Table structure for table `schools`
--

CREATE TABLE `schools` (
  `id` bigint(20) UNSIGNED NOT NULL,
  `name` varchar(255) COLLATE utf8mb4_unicode_ci NOT NULL,
  `name_alias` varchar(255) COLLATE utf8mb4_unicode_ci DEFAULT NULL,
  `address` varchar(255) COLLATE utf8mb4_unicode_ci DEFAULT NULL,
  `phone1` varchar(255) COLLATE utf8mb4_unicode_ci DEFAULT NULL,
  `phone2` varchar(255) COLLATE utf8mb4_unicode_ci DEFAULT NULL,
  `photo_url` varchar(255) COLLATE utf8mb4_unicode_ci DEFAULT NULL,
  `is_active` tinyint(1) DEFAULT NULL,
  `status` varchar(255) COLLATE utf8mb4_unicode_ci DEFAULT NULL,
  `remarks` varchar(255) COLLATE utf8mb4_unicode_ci DEFAULT NULL,
  `created_at` timestamp NULL DEFAULT NULL,
  `updated_at` timestamp NULL DEFAULT NULL
) ENGINE=InnoDB DEFAULT CHARSET=utf8mb4 COLLATE=utf8mb4_unicode_ci;

--
-- Dumping data for table `schools`
--

INSERT INTO `schools` (`id`, `name`, `name_alias`, `address`, `phone1`, `phone2`, `photo_url`, `is_active`, `status`, `remarks`, `created_at`, `updated_at`) VALUES
(1, 'Manikchak High Madrasah(H.S)', 'MHM', 'Manikchak, Lalgola, Murshidabad', NULL, NULL, NULL, 1, NULL, NULL, '2024-12-22 13:00:00', '2024-12-22 13:00:00');

-- --------------------------------------------------------

--
-- Table structure for table `sessions`
--

CREATE TABLE `sessions` (
  `id` bigint(20) UNSIGNED NOT NULL,
  `name` varchar(255) COLLATE utf8mb4_unicode_ci NOT NULL,
  `name_alias` varchar(255) COLLATE utf8mb4_unicode_ci DEFAULT NULL,
  `start_date` date DEFAULT NULL,
  `end_date` date DEFAULT NULL,
  `school_id` bigint(20) UNSIGNED NOT NULL,
  `is_active` tinyint(1) DEFAULT NULL,
  `status` varchar(255) COLLATE utf8mb4_unicode_ci DEFAULT NULL,
  `remarks` varchar(255) COLLATE utf8mb4_unicode_ci DEFAULT NULL,
  `created_at` timestamp NULL DEFAULT NULL,
  `updated_at` timestamp NULL DEFAULT NULL
) ENGINE=InnoDB DEFAULT CHARSET=utf8mb4 COLLATE=utf8mb4_unicode_ci;

--
-- Dumping data for table `sessions`
--

INSERT INTO `sessions` (`id`, `name`, `name_alias`, `start_date`, `end_date`, `school_id`, `is_active`, `status`, `remarks`, `created_at`, `updated_at`) VALUES
(1, 'Session 2025', '2025', '2025-01-01', '2025-12-31', 1, 1, NULL, NULL, '2024-12-22 13:00:00', '2024-12-22 13:00:00');

-- --------------------------------------------------------

--
-- Table structure for table `users`
--

CREATE TABLE `users` (
  `id` bigint(20) UNSIGNED NOT NULL,
  `name` varchar(255) COLLATE utf8mb4_unicode_ci NOT NULL,
  `email` varchar(255) COLLATE utf8mb4_unicode_ci NOT NULL,
  `email_verified_at` timestamp NULL DEFAULT NULL,
  `password` varchar(255) COLLATE utf8mb4_unicode_ci NOT NULL,
  `remember_token` varchar(100) COLLATE utf8mb4_unicode_ci DEFAULT NULL,
  `created_at` timestamp NULL DEFAULT NULL,
  `updated_at` timestamp NULL DEFAULT NULL
) ENGINE=InnoDB DEFAULT CHARSET=utf8mb4 COLLATE=utf8mb4_unicode_ci;

--
-- Dumping data for table `users`
--

INSERT INTO `users` (`id`, `name`, `email`, `email_verified_at`, `password`, `remember_token`, `created_at`, `updated_at`) VALUES
(1, 'Hari Narayan Das', 'hndas15@gmail.com', NULL, '$2y$10$vaYl5bVvR3UKwbViamU9Ze60yIJKvoCrCv2dqol78.MzLz7pwDE.6', NULL, '2024-12-22 03:59:12', '2024-12-22 03:59:12');

-- --------------------------------------------------------

--
-- Table structure for table `wsclassdaytps`
--

CREATE TABLE `wsclassdaytps` (
  `id` bigint(20) UNSIGNED NOT NULL,
  `wsclass_id` bigint(20) UNSIGNED NOT NULL,
  `wsday_id` bigint(20) UNSIGNED NOT NULL,
  `daily_total_periods` bigint(20) UNSIGNED DEFAULT NULL,
  `school_id` bigint(20) UNSIGNED NOT NULL,
  `session_id` bigint(20) UNSIGNED NOT NULL,
  `is_active` tinyint(1) DEFAULT NULL,
  `status` varchar(255) COLLATE utf8mb4_unicode_ci DEFAULT NULL,
  `remarks` varchar(255) COLLATE utf8mb4_unicode_ci DEFAULT NULL,
  `created_at` timestamp NULL DEFAULT NULL,
  `updated_at` timestamp NULL DEFAULT NULL
) ENGINE=InnoDB DEFAULT CHARSET=utf8mb4 COLLATE=utf8mb4_unicode_ci;

--
-- Dumping data for table `wsclassdaytps`
--

INSERT INTO `wsclassdaytps` (`id`, `wsclass_id`, `wsday_id`, `daily_total_periods`, `school_id`, `session_id`, `is_active`, `status`, `remarks`, `created_at`, `updated_at`) VALUES
(1, 1, 1, 6, 1, 1, 1, NULL, NULL, '2024-12-23 18:30:00', '2024-12-23 18:30:00'),
(2, 1, 2, 6, 1, 1, 1, NULL, NULL, '2024-12-23 18:30:00', '2024-12-23 18:30:00'),
(3, 1, 3, 6, 1, 1, 1, NULL, NULL, '2024-12-23 18:30:00', '2024-12-23 18:30:00'),
(4, 1, 4, 6, 1, 1, 1, NULL, NULL, '2024-12-23 18:30:00', '2024-12-23 18:30:00'),
(5, 1, 5, 6, 1, 1, 1, NULL, NULL, '2024-12-23 18:30:00', '2024-12-23 18:30:00'),
(6, 1, 6, 5, 1, 1, 1, NULL, NULL, '2024-12-23 18:30:00', '2024-12-23 18:30:00'),
(7, 2, 1, 7, 1, 1, 1, NULL, NULL, '2024-12-23 18:30:00', '2024-12-23 18:30:00'),
(8, 2, 2, 7, 1, 1, 1, NULL, NULL, '2024-12-23 18:30:00', '2024-12-23 18:30:00'),
(9, 2, 3, 7, 1, 1, 1, NULL, NULL, '2024-12-23 18:30:00', '2024-12-23 18:30:00'),
(10, 2, 4, 7, 1, 1, 1, NULL, NULL, '2024-12-23 18:30:00', '2024-12-23 18:30:00'),
(11, 2, 5, 7, 1, 1, 1, NULL, NULL, '2024-12-23 18:30:00', '2024-12-23 18:30:00'),
(12, 2, 6, 5, 1, 1, 1, NULL, NULL, '2024-12-23 18:30:00', '2024-12-23 18:30:00'),
(13, 3, 1, 8, 1, 1, 1, NULL, NULL, '2024-12-23 18:30:00', '2024-12-23 18:30:00'),
(14, 3, 2, 8, 1, 1, 1, NULL, NULL, '2024-12-23 18:30:00', '2024-12-23 18:30:00'),
(15, 3, 3, 8, 1, 1, 1, NULL, NULL, '2024-12-23 18:30:00', '2024-12-23 18:30:00'),
(16, 3, 4, 8, 1, 1, 1, NULL, NULL, '2024-12-23 18:30:00', '2024-12-23 18:30:00'),
(17, 3, 5, 8, 1, 1, 1, NULL, NULL, '2024-12-23 18:30:00', '2024-12-23 18:30:00'),
(18, 3, 6, 5, 1, 1, 1, NULL, NULL, '2024-12-23 18:30:00', '2024-12-23 18:30:00'),
(19, 4, 1, 8, 1, 1, 1, NULL, NULL, '2024-12-23 18:30:00', '2024-12-23 18:30:00'),
(20, 4, 2, 8, 1, 1, 1, NULL, NULL, '2024-12-23 18:30:00', '2024-12-23 18:30:00'),
(21, 4, 3, 8, 1, 1, 1, NULL, NULL, '2024-12-23 18:30:00', '2024-12-23 18:30:00'),
(22, 4, 4, 8, 1, 1, 1, NULL, NULL, '2024-12-23 18:30:00', '2024-12-23 18:30:00'),
(23, 4, 5, 8, 1, 1, 1, NULL, NULL, '2024-12-23 18:30:00', '2024-12-23 18:30:00'),
(24, 4, 6, 5, 1, 1, 1, NULL, NULL, '2024-12-23 18:30:00', '2024-12-23 18:30:00'),
(25, 5, 1, 8, 1, 1, 1, NULL, NULL, '2024-12-23 18:30:00', '2024-12-23 18:30:00'),
(26, 5, 2, 8, 1, 1, 1, NULL, NULL, '2024-12-23 18:30:00', '2024-12-23 18:30:00'),
(27, 5, 3, 8, 1, 1, 1, NULL, NULL, '2024-12-23 18:30:00', '2024-12-23 18:30:00'),
(28, 5, 4, 8, 1, 1, 1, NULL, NULL, '2024-12-23 18:30:00', '2024-12-23 18:30:00'),
(29, 5, 5, 8, 1, 1, 1, NULL, NULL, '2024-12-23 18:30:00', '2024-12-23 18:30:00'),
(30, 5, 6, 5, 1, 1, 1, NULL, NULL, '2024-12-23 18:30:00', '2024-12-23 18:30:00'),
(31, 6, 1, 8, 1, 1, 1, NULL, NULL, '2024-12-23 18:30:00', '2024-12-23 18:30:00'),
(32, 6, 2, 8, 1, 1, 1, NULL, NULL, '2024-12-23 18:30:00', '2024-12-23 18:30:00'),
(33, 6, 3, 8, 1, 1, 1, NULL, NULL, '2024-12-23 18:30:00', '2024-12-23 18:30:00'),
(34, 6, 4, 8, 1, 1, 1, NULL, NULL, '2024-12-23 18:30:00', '2024-12-23 18:30:00'),
(35, 6, 5, 8, 1, 1, 1, NULL, NULL, '2024-12-23 18:30:00', '2024-12-23 18:30:00'),
(36, 6, 6, 5, 1, 1, 1, NULL, NULL, '2024-12-23 18:30:00', '2024-12-23 18:30:00'),
(37, 7, 1, 8, 1, 1, 1, NULL, NULL, '2024-12-23 18:30:00', '2024-12-23 18:30:00'),
(38, 7, 2, 8, 1, 1, 1, NULL, NULL, '2024-12-23 18:30:00', '2024-12-23 18:30:00'),
(39, 7, 3, 8, 1, 1, 1, NULL, NULL, '2024-12-23 18:30:00', '2024-12-23 18:30:00'),
(40, 7, 4, 8, 1, 1, 1, NULL, NULL, '2024-12-23 18:30:00', '2024-12-23 18:30:00'),
(41, 7, 5, 8, 1, 1, 1, NULL, NULL, '2024-12-23 18:30:00', '2024-12-23 18:30:00'),
(42, 7, 6, 5, 1, 1, 1, NULL, NULL, '2024-12-23 18:30:00', '2024-12-23 18:30:00'),
(43, 8, 1, 8, 1, 1, 1, NULL, NULL, '2024-12-23 18:30:00', '2024-12-23 18:30:00'),
(44, 8, 2, 8, 1, 1, 1, NULL, NULL, '2024-12-23 18:30:00', '2024-12-23 18:30:00'),
(45, 8, 3, 8, 1, 1, 1, NULL, NULL, '2024-12-23 18:30:00', '2024-12-23 18:30:00'),
(46, 8, 4, 8, 1, 1, 1, NULL, NULL, '2024-12-23 18:30:00', '2024-12-23 18:30:00'),
(47, 8, 5, 8, 1, 1, 1, NULL, NULL, '2024-12-23 18:30:00', '2024-12-23 18:30:00'),
(48, 8, 6, 5, 1, 1, 1, NULL, NULL, '2024-12-23 18:30:00', '2024-12-23 18:30:00');

-- --------------------------------------------------------

--
-- Table structure for table `wsclasses`
--

CREATE TABLE `wsclasses` (
  `id` bigint(20) UNSIGNED NOT NULL,
  `name` varchar(255) COLLATE utf8mb4_unicode_ci NOT NULL,
  `name_sequence` int(11) DEFAULT NULL,
  `priority_star` int(11) DEFAULT NULL,
  `school_id` bigint(20) UNSIGNED NOT NULL,
  `session_id` bigint(20) UNSIGNED NOT NULL,
  `is_active` tinyint(1) DEFAULT NULL,
  `status` varchar(255) COLLATE utf8mb4_unicode_ci DEFAULT NULL,
  `remarks` varchar(255) COLLATE utf8mb4_unicode_ci DEFAULT NULL,
  `created_at` timestamp NULL DEFAULT NULL,
  `updated_at` timestamp NULL DEFAULT NULL
) ENGINE=InnoDB DEFAULT CHARSET=utf8mb4 COLLATE=utf8mb4_unicode_ci;

--
-- Dumping data for table `wsclasses`
--

INSERT INTO `wsclasses` (`id`, `name`, `name_sequence`, `priority_star`, `school_id`, `session_id`, `is_active`, `status`, `remarks`, `created_at`, `updated_at`) VALUES
(1, 'Five', 1, 1, 1, 1, 1, 'V', NULL, '2024-12-22 13:00:00', '2024-12-22 13:00:00'),
(2, 'Six', 2, 1, 1, 1, 1, 'VI', NULL, '2024-12-22 13:00:00', '2024-12-22 13:00:00'),
(3, 'Seven', 3, 1, 1, 1, 1, 'VII', NULL, '2024-12-22 13:00:00', '2024-12-22 13:00:00'),
(4, 'Eight', 4, 1, 1, 1, 1, 'VIII', NULL, '2024-12-22 13:00:00', '2024-12-22 13:00:00'),
(5, 'Nine', 5, 1, 1, 1, 1, 'IX', NULL, '2024-12-22 13:00:00', '2024-12-22 13:00:00'),
(6, 'Ten', 6, 1, 1, 1, 1, 'X', NULL, '2024-12-22 13:00:00', '2024-12-22 13:00:00'),
(7, 'Eleven', 7, 1, 1, 1, 1, 'XI', NULL, '2024-12-22 13:00:00', '2024-12-22 13:00:00'),
(8, 'Twelve', 8, 1, 1, 1, 1, 'XII', NULL, '2024-12-22 13:00:00', '2024-12-22 13:00:00');

-- --------------------------------------------------------

--
-- Table structure for table `wsclasssections`
--

CREATE TABLE `wsclasssections` (
  `id` bigint(20) UNSIGNED NOT NULL,
  `wsclass_id` bigint(20) UNSIGNED NOT NULL,
  `wssection_id` bigint(20) UNSIGNED NOT NULL,
  `school_id` bigint(20) UNSIGNED NOT NULL,
  `session_id` bigint(20) UNSIGNED NOT NULL,
  `is_active` tinyint(1) DEFAULT NULL,
  `status` varchar(255) COLLATE utf8mb4_unicode_ci DEFAULT NULL,
  `remarks` varchar(255) COLLATE utf8mb4_unicode_ci DEFAULT NULL,
  `created_at` timestamp NULL DEFAULT NULL,
  `updated_at` timestamp NULL DEFAULT NULL
) ENGINE=InnoDB DEFAULT CHARSET=utf8mb4 COLLATE=utf8mb4_unicode_ci;

--
-- Dumping data for table `wsclasssections`
--

INSERT INTO `wsclasssections` (`id`, `wsclass_id`, `wssection_id`, `school_id`, `session_id`, `is_active`, `status`, `remarks`, `created_at`, `updated_at`) VALUES
(1, 1, 1, 1, 1, 1, NULL, NULL, '2024-12-23 18:30:00', '2024-12-23 18:30:00'),
(2, 1, 2, 1, 1, 1, NULL, NULL, '2024-12-23 18:30:00', '2024-12-23 18:30:00'),
(3, 1, 3, 1, 1, 1, NULL, NULL, '2024-12-23 18:30:00', '2024-12-23 18:30:00'),
(4, 2, 1, 1, 1, 1, NULL, NULL, '2024-12-23 18:30:00', '2024-12-23 18:30:00'),
(5, 2, 2, 1, 1, 1, NULL, NULL, '2024-12-23 18:30:00', '2024-12-23 18:30:00'),
(6, 2, 3, 1, 1, 0, NULL, NULL, '2024-12-23 18:30:00', '2024-12-23 18:30:00'),
(7, 3, 1, 1, 1, 1, NULL, NULL, '2024-12-23 18:30:00', '2024-12-23 18:30:00'),
(8, 3, 2, 1, 1, 1, NULL, NULL, '2024-12-23 18:30:00', '2024-12-23 18:30:00'),
(9, 3, 3, 1, 1, 0, NULL, NULL, '2024-12-23 18:30:00', '2024-12-23 18:30:00'),
(10, 4, 1, 1, 1, 1, NULL, NULL, '2024-12-23 18:30:00', '2024-12-23 18:30:00'),
(11, 4, 2, 1, 1, 1, NULL, NULL, '2024-12-23 18:30:00', '2024-12-23 18:30:00'),
(12, 4, 3, 1, 1, 0, NULL, NULL, '2024-12-23 18:30:00', '2024-12-23 18:30:00'),
(13, 5, 1, 1, 1, 1, NULL, NULL, '2024-12-23 18:30:00', '2024-12-23 18:30:00'),
(14, 5, 2, 1, 1, 1, NULL, NULL, '2024-12-23 18:30:00', '2024-12-23 18:30:00'),
(15, 5, 3, 1, 1, 0, NULL, NULL, '2024-12-23 18:30:00', '2024-12-23 18:30:00'),
(16, 6, 1, 1, 1, 1, NULL, NULL, '2024-12-23 18:30:00', '2024-12-23 18:30:00'),
(17, 6, 2, 1, 1, 1, NULL, NULL, '2024-12-23 18:30:00', '2024-12-23 18:30:00'),
(18, 6, 3, 1, 1, 0, NULL, NULL, '2024-12-23 18:30:00', '2024-12-23 18:30:00'),
(19, 7, 1, 1, 1, 1, NULL, NULL, '2024-12-23 18:30:00', '2024-12-23 18:30:00'),
(20, 8, 1, 1, 1, 1, NULL, NULL, '2024-12-23 18:30:00', '2024-12-23 18:30:00');

-- --------------------------------------------------------

--
-- Table structure for table `wsclasssectionsubjectteacherweektps`
--

CREATE TABLE `wsclasssectionsubjectteacherweektps` (
  `id` bigint(20) UNSIGNED NOT NULL,
  `wsclass_id` bigint(20) UNSIGNED NOT NULL,
  `wssection_id` bigint(20) UNSIGNED NOT NULL,
  `wssubject_id` bigint(20) UNSIGNED NOT NULL,
  `wsteacher_id` bigint(20) UNSIGNED NOT NULL,
  `weekly_total_periods` bigint(20) UNSIGNED DEFAULT NULL,
  `weekly_total_periods_alloted` bigint(20) NOT NULL DEFAULT 0,
  `school_id` bigint(20) UNSIGNED NOT NULL,
  `session_id` bigint(20) UNSIGNED NOT NULL,
  `is_active` tinyint(1) DEFAULT NULL,
  `status` varchar(255) COLLATE utf8mb4_unicode_ci DEFAULT NULL,
  `remarks` varchar(255) COLLATE utf8mb4_unicode_ci DEFAULT NULL,
  `created_at` timestamp NULL DEFAULT NULL,
  `updated_at` timestamp NULL DEFAULT NULL
) ENGINE=InnoDB DEFAULT CHARSET=utf8mb4 COLLATE=utf8mb4_unicode_ci;

--
-- Dumping data for table `wsclasssectionsubjectteacherweektps`
--

INSERT INTO `wsclasssectionsubjectteacherweektps` (`id`, `wsclass_id`, `wssection_id`, `wssubject_id`, `wsteacher_id`, `weekly_total_periods`, `weekly_total_periods_alloted`, `school_id`, `session_id`, `is_active`, `status`, `remarks`, `created_at`, `updated_at`) VALUES
(1, 8, 1, 37, 1, 6, 0, 1, 1, 1, NULL, NULL, '2024-12-08 02:51:53', '2024-12-08 02:51:53'),
(2, 7, 1, 37, 1, 6, 0, 1, 1, 1, NULL, NULL, '2024-12-08 02:52:11', '2024-12-08 02:52:11'),
(3, 6, 1, 12, 1, 2, 0, 1, 1, 1, NULL, NULL, '2024-12-08 02:52:38', '2024-12-08 02:52:38'),
(4, 6, 2, 12, 1, 2, 0, 1, 1, 1, NULL, NULL, '2024-12-08 02:52:56', '2024-12-08 02:52:56'),
(5, 7, 1, 21, 2, 2, 0, 1, 1, 1, NULL, NULL, '2024-12-08 02:53:31', '2024-12-08 02:53:31'),
(6, 1, 1, 1, 2, 6, 0, 1, 1, 1, NULL, NULL, '2024-12-08 02:54:00', '2024-12-08 02:54:00'),
(7, 5, 1, 1, 2, 3, 0, 1, 1, 1, NULL, NULL, '2024-12-08 02:54:36', '2024-12-08 02:54:36'),
(8, 5, 2, 1, 2, 3, 0, 1, 1, 1, NULL, NULL, '2024-12-08 02:54:48', '2024-12-08 02:54:48'),
(9, 8, 1, 21, 2, 2, 0, 1, 1, 1, NULL, NULL, '2024-12-08 02:55:10', '2024-12-08 02:55:10'),
(10, 7, 1, 27, 3, 4, 0, 1, 1, 1, NULL, NULL, '2024-12-08 02:55:46', '2024-12-08 02:55:46'),
(11, 8, 1, 27, 3, 4, 0, 1, 1, 1, NULL, NULL, '2024-12-08 02:56:09', '2024-12-08 02:56:09'),
(12, 1, 1, 5, 3, 3, 0, 1, 1, 1, NULL, NULL, '2024-12-08 02:56:29', '2024-12-08 02:56:29'),
(13, 1, 2, 5, 3, 3, 0, 1, 1, 1, NULL, NULL, '2024-12-08 03:03:07', '2024-12-08 03:03:07'),
(14, 1, 3, 5, 3, 3, 0, 1, 1, 1, NULL, NULL, '2024-12-08 03:03:22', '2024-12-08 03:03:22'),
(15, 1, 1, 10, 4, 3, 0, 1, 1, 1, NULL, NULL, '2024-12-08 03:04:07', '2024-12-08 03:04:07'),
(16, 1, 2, 10, 4, 3, 0, 1, 1, 1, NULL, NULL, '2024-12-08 03:04:22', '2024-12-08 03:04:22'),
(17, 1, 3, 10, 4, 3, 0, 1, 1, 1, NULL, NULL, '2024-12-08 03:04:35', '2024-12-08 03:04:35'),
(18, 2, 1, 10, 4, 2, 0, 1, 1, 1, NULL, NULL, '2024-12-08 03:04:50', '2024-12-08 03:04:50'),
(19, 2, 2, 10, 4, 2, 0, 1, 1, 1, NULL, NULL, '2024-12-08 03:05:03', '2024-12-08 03:05:03'),
(20, 3, 1, 10, 4, 2, 0, 1, 1, 1, NULL, NULL, '2024-12-08 03:05:30', '2024-12-08 03:05:30'),
(21, 3, 2, 10, 4, 2, 0, 1, 1, 1, NULL, NULL, '2024-12-08 03:05:45', '2024-12-08 03:05:45'),
(22, 4, 1, 10, 4, 2, 0, 1, 1, 1, NULL, NULL, '2024-12-08 03:06:01', '2024-12-08 03:06:01'),
(23, 4, 2, 10, 4, 2, 0, 1, 1, 1, NULL, NULL, '2024-12-08 03:06:17', '2024-12-08 03:06:17'),
(24, 5, 1, 10, 4, 2, 0, 1, 1, 1, NULL, NULL, '2024-12-08 03:06:41', '2024-12-08 03:06:41'),
(25, 5, 2, 10, 4, 2, 0, 1, 1, 1, NULL, NULL, '2024-12-08 03:07:11', '2024-12-08 03:07:11'),
(26, 6, 1, 10, 4, 2, 0, 1, 1, 1, NULL, NULL, '2024-12-08 03:07:27', '2024-12-08 03:07:27'),
(27, 6, 2, 10, 4, 2, 0, 1, 1, 1, NULL, NULL, '2024-12-08 03:07:41', '2024-12-08 03:07:41'),
(28, 7, 1, 25, 5, 5, 0, 1, 1, 1, NULL, NULL, '2024-12-08 03:09:43', '2024-12-08 03:09:43'),
(29, 6, 2, 14, 5, 2, 0, 1, 1, 1, NULL, NULL, '2024-12-08 03:10:25', '2024-12-08 03:10:25'),
(30, 5, 1, 14, 5, 2, 0, 1, 1, 1, NULL, NULL, '2024-12-08 03:12:05', '2024-12-08 03:12:05'),
(31, 4, 1, 7, 5, 4, 0, 1, 1, 1, NULL, NULL, '2024-12-08 03:15:47', '2024-12-08 03:15:47'),
(32, 3, 1, 7, 5, 2, 0, 1, 1, 1, NULL, NULL, '2024-12-08 03:16:08', '2024-12-08 03:16:08'),
(33, 7, 1, 36, 6, 2, 0, 1, 1, 1, NULL, NULL, '2024-12-08 03:17:11', '2024-12-08 03:17:11'),
(34, 8, 1, 36, 6, 3, 0, 1, 1, 1, NULL, NULL, '2024-12-08 03:17:25', '2024-12-08 03:17:25'),
(35, 6, 1, 4, 6, 6, 0, 1, 1, 1, NULL, NULL, '2024-12-08 03:17:50', '2024-12-08 03:17:50'),
(36, 4, 2, 4, 6, 6, 0, 1, 1, 1, NULL, NULL, '2024-12-08 03:18:03', '2024-12-08 03:18:03'),
(37, 7, 1, 35, 7, 6, 0, 1, 1, 1, NULL, NULL, '2024-12-08 03:18:25', '2024-12-08 03:18:25'),
(38, 8, 1, 35, 7, 6, 0, 1, 1, 1, NULL, NULL, '2024-12-08 03:18:40', '2024-12-08 03:18:40'),
(39, 5, 1, 12, 7, 2, 0, 1, 1, 1, NULL, NULL, '2024-12-08 03:24:04', '2024-12-08 03:24:04'),
(40, 5, 2, 12, 7, 2, 0, 1, 1, 1, NULL, NULL, '2024-12-08 03:24:42', '2024-12-08 03:24:42'),
(41, 6, 2, 11, 7, 2, 0, 1, 1, 1, NULL, NULL, '2024-12-08 03:25:05', '2024-12-08 03:25:05'),
(42, 6, 1, 11, 7, 2, 0, 1, 1, 1, NULL, NULL, '2024-12-08 03:25:27', '2024-12-08 03:25:27'),
(43, 8, 1, 25, 8, 5, 0, 1, 1, 1, NULL, NULL, '2024-12-08 03:26:05', '2024-12-08 03:26:05'),
(44, 6, 2, 14, 8, 2, 0, 1, 1, 1, NULL, NULL, '2024-12-08 05:06:32', '2024-12-08 05:06:32'),
(45, 5, 1, 14, 8, 2, 0, 1, 1, 1, NULL, NULL, '2024-12-08 05:07:19', '2024-12-08 05:07:19'),
(46, 4, 2, 7, 8, 4, 0, 1, 1, 1, NULL, NULL, '2024-12-08 05:07:40', '2024-12-08 05:07:40'),
(47, 3, 2, 7, 8, 2, 0, 1, 1, 1, NULL, NULL, '2024-12-08 05:09:14', '2024-12-08 05:09:14'),
(48, 1, 2, 5, 8, 3, 0, 1, 1, 1, NULL, NULL, '2024-12-08 05:09:49', '2024-12-08 05:09:49'),
(49, 5, 1, 3, 9, 4, 0, 1, 1, 1, NULL, NULL, '2024-12-08 05:10:38', '2024-12-08 05:10:38'),
(50, 5, 2, 3, 9, 4, 0, 1, 1, 1, NULL, NULL, '2024-12-08 05:10:49', '2024-12-08 05:10:49'),
(51, 6, 1, 3, 9, 3, 0, 1, 1, 1, NULL, NULL, '2024-12-08 05:11:12', '2024-12-08 05:11:12'),
(52, 6, 2, 3, 9, 3, 0, 1, 1, 1, NULL, NULL, '2024-12-08 05:11:25', '2024-12-08 05:11:25'),
(53, 7, 1, 23, 9, 4, 0, 1, 1, 1, NULL, NULL, '2024-12-08 05:12:05', '2024-12-08 05:12:05'),
(54, 8, 1, 23, 9, 4, 0, 1, 1, 1, NULL, NULL, '2024-12-08 05:12:18', '2024-12-08 05:12:18'),
(55, 7, 1, 34, 10, 4, 0, 1, 1, 1, NULL, NULL, '2024-12-08 05:13:01', '2024-12-08 05:13:01'),
(56, 8, 1, 34, 10, 2, 0, 1, 1, 1, NULL, NULL, '2024-12-08 05:13:23', '2024-12-08 05:13:23'),
(57, 6, 1, 11, 10, 2, 0, 1, 1, 1, NULL, NULL, '2024-12-08 05:14:13', '2024-12-08 05:14:13'),
(58, 5, 2, 11, 10, 2, 0, 1, 1, 1, NULL, NULL, '2024-12-08 05:14:31', '2024-12-08 05:14:31'),
(59, 7, 1, 30, 12, 5, 0, 1, 1, 1, NULL, NULL, '2024-12-08 05:14:59', '2024-12-08 05:14:59'),
(60, 8, 1, 30, 12, 5, 0, 1, 1, 1, NULL, NULL, '2024-12-08 05:15:53', '2024-12-08 05:15:53'),
(61, 8, 1, 33, 12, 2, 0, 1, 1, 1, NULL, NULL, '2024-12-08 05:16:22', '2024-12-08 05:16:22'),
(62, 2, 1, 4, 12, 6, 0, 1, 1, 1, NULL, NULL, '2024-12-08 05:17:00', '2024-12-08 05:17:00'),
(63, 7, 1, 22, 13, 2, 0, 1, 1, 1, NULL, NULL, '2024-12-08 05:18:18', '2024-12-08 05:18:18'),
(64, 8, 1, 22, 13, 2, 0, 1, 1, 1, NULL, NULL, '2024-12-08 05:18:39', '2024-12-08 05:18:39'),
(65, 5, 1, 2, 13, 3, 0, 1, 1, 1, NULL, NULL, '2024-12-08 05:19:21', '2024-12-08 05:19:21'),
(66, 5, 2, 2, 13, 3, 0, 1, 1, 1, NULL, NULL, '2024-12-08 05:20:02', '2024-12-08 05:20:02'),
(67, 1, 3, 5, 13, 3, 0, 1, 1, 1, NULL, NULL, '2024-12-08 05:21:51', '2024-12-08 05:21:51'),
(68, 7, 1, 26, 14, 4, 0, 1, 1, 1, NULL, NULL, '2024-12-08 05:28:38', '2024-12-08 05:28:38'),
(69, 8, 1, 26, 14, 4, 0, 1, 1, 1, NULL, NULL, '2024-12-08 05:28:54', '2024-12-08 05:28:54'),
(70, 1, 1, 3, 14, 6, 0, 1, 1, 1, NULL, NULL, '2024-12-08 05:29:28', '2024-12-08 05:29:28'),
(71, 3, 1, 5, 14, 3, 0, 1, 1, 1, NULL, NULL, '2024-12-08 05:30:01', '2024-12-08 05:30:01'),
(72, 4, 2, 5, 14, 3, 0, 1, 1, 1, NULL, NULL, '2024-12-08 05:30:19', '2024-12-08 05:30:19'),
(73, 1, 1, 9, 16, 2, 0, 1, 1, 1, NULL, NULL, '2024-12-08 05:30:55', '2024-12-08 05:30:55'),
(74, 1, 2, 9, 16, 2, 0, 1, 1, 1, NULL, NULL, '2024-12-08 06:18:54', '2024-12-08 06:18:54'),
(75, 1, 3, 9, 16, 2, 0, 1, 1, 1, NULL, NULL, '2024-12-08 06:18:54', '2024-12-08 06:18:54'),
(76, 2, 1, 9, 16, 2, 0, 1, 1, 1, NULL, NULL, '2024-12-08 06:18:54', '2024-12-08 06:18:54'),
(77, 2, 2, 9, 16, 2, 0, 1, 1, 1, NULL, NULL, '2024-12-08 06:18:54', '2024-12-08 06:18:54'),
(78, 3, 1, 9, 16, 2, 0, 1, 1, 1, NULL, NULL, '2024-12-08 06:18:54', '2024-12-08 06:18:54'),
(79, 3, 2, 9, 16, 2, 0, 1, 1, 1, NULL, NULL, '2024-12-08 06:18:54', '2024-12-08 06:18:54'),
(80, 4, 1, 9, 16, 2, 0, 1, 1, 1, NULL, NULL, '2024-12-08 06:18:54', '2024-12-08 06:18:54'),
(81, 4, 2, 9, 16, 2, 0, 1, 1, 1, NULL, NULL, '2024-12-08 06:18:54', '2024-12-08 06:18:54'),
(82, 5, 1, 9, 16, 2, 0, 1, 1, 1, NULL, NULL, '2024-12-08 06:18:54', '2024-12-08 06:18:54'),
(83, 5, 2, 9, 16, 2, 0, 1, 1, 1, NULL, NULL, '2024-12-08 06:18:54', '2024-12-08 06:18:54'),
(84, 6, 1, 9, 16, 2, 0, 1, 1, 1, NULL, NULL, '2024-12-08 06:18:54', '2024-12-08 06:18:54'),
(85, 6, 2, 9, 16, 2, 0, 1, 1, 1, NULL, NULL, '2024-12-08 06:18:54', '2024-12-08 06:18:54'),
(86, 7, 1, 21, 21, 2, 0, 1, 1, 1, NULL, NULL, '2024-12-08 06:35:10', '2024-12-08 06:35:10'),
(87, 8, 1, 21, 21, 2, 0, 1, 1, 1, NULL, NULL, '2024-12-08 06:35:24', '2024-12-08 06:35:24'),
(88, 6, 1, 1, 21, 3, 0, 1, 1, 1, NULL, NULL, '2024-12-08 06:37:07', '2024-12-08 06:37:07'),
(89, 4, 1, 1, 21, 3, 0, 1, 1, 1, NULL, NULL, '2024-12-08 06:37:48', '2024-12-08 06:37:48'),
(90, 3, 1, 1, 21, 3, 0, 1, 1, 1, NULL, NULL, '2024-12-08 06:38:10', '2024-12-08 06:38:10'),
(91, 3, 2, 1, 21, 3, 0, 1, 1, 1, NULL, NULL, '2024-12-08 06:38:22', '2024-12-08 06:38:22'),
(92, 2, 2, 1, 21, 3, 0, 1, 1, 1, NULL, NULL, '2024-12-08 06:38:43', '2024-12-08 06:38:43'),
(93, 7, 1, 24, 20, 2, 0, 1, 1, 1, NULL, NULL, '2024-12-08 06:39:52', '2024-12-08 06:39:52'),
(94, 8, 1, 24, 20, 2, 0, 1, 1, 1, NULL, NULL, '2024-12-08 06:40:07', '2024-12-08 06:40:07'),
(95, 6, 1, 13, 20, 2, 0, 1, 1, 1, NULL, NULL, '2024-12-08 06:40:31', '2024-12-08 06:40:31'),
(96, 6, 2, 13, 20, 2, 0, 1, 1, 1, NULL, NULL, '2024-12-08 06:40:47', '2024-12-08 06:40:47'),
(97, 5, 2, 13, 20, 2, 0, 1, 1, 1, NULL, NULL, '2024-12-08 06:41:25', '2024-12-08 06:41:25'),
(98, 4, 1, 6, 20, 2, 0, 1, 1, 1, NULL, NULL, '2024-12-08 06:42:36', '2024-12-08 06:42:36'),
(99, 3, 1, 6, 20, 2, 0, 1, 1, 1, NULL, NULL, '2024-12-08 06:43:12', '2024-12-08 06:43:12'),
(100, 3, 2, 6, 20, 2, 0, 1, 1, 1, NULL, NULL, '2024-12-08 06:44:41', '2024-12-08 06:44:41'),
(101, 2, 1, 6, 20, 2, 0, 1, 1, 1, NULL, NULL, '2024-12-08 06:44:56', '2024-12-08 06:44:56'),
(102, 2, 2, 6, 20, 2, 0, 1, 1, 1, NULL, NULL, '2024-12-08 06:45:12', '2024-12-08 06:45:12'),
(103, 8, 1, 21, 17, 2, 0, 1, 1, 1, NULL, NULL, '2024-12-08 08:05:16', '2024-12-08 08:05:16'),
(104, 6, 1, 1, 17, 3, 0, 1, 1, 1, NULL, NULL, '2024-12-08 08:05:41', '2024-12-08 08:05:41'),
(105, 6, 2, 1, 17, 3, 0, 1, 1, 1, NULL, NULL, '2024-12-08 08:05:59', '2024-12-08 08:05:59'),
(106, 5, 1, 1, 17, 3, 0, 1, 1, 1, NULL, NULL, '2024-12-08 08:06:28', '2024-12-08 08:06:28'),
(107, 5, 2, 1, 17, 3, 0, 1, 1, 1, NULL, NULL, '2024-12-08 08:06:45', '2024-12-08 08:06:45'),
(108, 2, 1, 1, 17, 3, 0, 1, 1, 1, NULL, NULL, '2024-12-08 08:07:19', '2024-12-08 08:07:19'),
(109, 2, 2, 1, 17, 3, 0, 1, 1, 1, NULL, NULL, '2024-12-08 08:07:44', '2024-12-08 08:07:44'),
(110, 1, 2, 3, 18, 2, 0, 1, 1, 1, NULL, NULL, '2024-12-09 02:25:55', '2024-12-09 02:25:55'),
(111, 1, 3, 3, 18, 2, 0, 1, 1, 1, NULL, NULL, '2024-12-09 02:26:16', '2024-12-09 02:26:16'),
(112, 2, 1, 3, 18, 3, 0, 1, 1, 1, NULL, NULL, '2024-12-09 02:27:10', '2024-12-09 02:27:10'),
(113, 2, 2, 3, 18, 3, 0, 1, 1, 1, NULL, NULL, '2024-12-09 02:27:30', '2024-12-09 02:27:30'),
(114, 3, 1, 3, 18, 3, 0, 1, 1, 1, NULL, NULL, '2024-12-09 02:27:50', '2024-12-09 02:27:50'),
(115, 3, 2, 3, 18, 3, 0, 1, 1, 1, NULL, NULL, '2024-12-09 02:28:14', '2024-12-09 02:28:14'),
(116, 4, 1, 3, 18, 3, 0, 1, 1, 1, NULL, NULL, '2024-12-09 02:30:04', '2024-12-09 02:30:04'),
(117, 4, 2, 3, 18, 3, 0, 1, 1, 1, NULL, NULL, '2024-12-09 02:30:37', '2024-12-09 02:30:37'),
(118, 5, 1, 3, 18, 1, 0, 1, 1, 1, NULL, NULL, '2024-12-09 02:31:02', '2024-12-09 02:31:02'),
(119, 5, 2, 3, 18, 1, 0, 1, 1, 1, NULL, NULL, '2024-12-09 02:31:21', '2024-12-09 02:31:21'),
(120, 4, 1, 2, 19, 3, 0, 1, 1, 1, NULL, NULL, '2024-12-09 02:32:30', '2024-12-09 02:32:30'),
(121, 1, 1, 5, 22, 3, 0, 1, 1, 1, NULL, NULL, '2024-12-09 02:44:06', '2024-12-09 02:44:06'),
(122, 2, 1, 7, 22, 4, 0, 1, 1, 1, NULL, NULL, '2024-12-09 02:44:52', '2024-12-09 02:44:52'),
(123, 5, 2, 14, 22, 4, 0, 1, 1, 1, NULL, NULL, '2024-12-09 02:47:07', '2024-12-09 02:47:07'),
(124, 6, 1, 14, 22, 4, 0, 1, 1, 1, NULL, NULL, '2024-12-09 02:47:36', '2024-12-09 02:47:36'),
(125, 6, 1, 2, 23, 3, 0, 1, 1, 1, NULL, NULL, '2024-12-09 02:48:23', '2024-12-09 02:48:23'),
(126, 6, 2, 2, 23, 3, 0, 1, 1, 1, NULL, NULL, '2024-12-09 02:48:42', '2024-12-09 02:48:42'),
(127, 5, 2, 2, 23, 3, 0, 1, 1, 1, NULL, NULL, '2024-12-09 02:57:02', '2024-12-09 02:57:02'),
(128, 4, 1, 2, 23, 3, 0, 1, 1, 1, NULL, NULL, '2024-12-09 02:57:26', '2024-12-09 02:57:26'),
(129, 4, 2, 2, 23, 3, 0, 1, 1, 1, NULL, NULL, '2024-12-09 02:58:01', '2024-12-09 02:58:01'),
(130, 1, 2, 2, 23, 6, 0, 1, 1, 1, NULL, NULL, '2024-12-09 02:58:34', '2024-12-09 02:58:34'),
(131, 8, 1, 24, 24, 2, 0, 1, 1, 1, NULL, NULL, '2024-12-09 02:59:56', '2024-12-09 02:59:56'),
(132, 6, 1, 13, 24, 2, 0, 1, 1, 1, NULL, NULL, '2024-12-09 03:00:40', '2024-12-09 03:00:40'),
(133, 5, 2, 13, 24, 2, 0, 1, 1, 1, NULL, NULL, '2024-12-09 03:03:08', '2024-12-09 03:03:08'),
(134, 4, 1, 6, 24, 2, 0, 1, 1, 1, NULL, NULL, '2024-12-09 03:03:35', '2024-12-09 03:03:35'),
(135, 2, 2, 8, 24, 3, 0, 1, 1, 1, NULL, NULL, '2024-12-09 03:04:43', '2024-12-09 03:04:43'),
(136, 7, 1, 36, 25, 3, 0, 1, 1, 1, NULL, NULL, '2024-12-09 03:05:49', '2024-12-09 03:05:49'),
(137, 8, 1, 36, 25, 2, 0, 1, 1, 1, NULL, NULL, '2024-12-09 03:06:22', '2024-12-09 03:06:22'),
(138, 6, 2, 4, 25, 6, 0, 1, 1, 1, NULL, NULL, '2024-12-09 03:06:42', '2024-12-09 03:06:42'),
(139, 5, 1, 4, 25, 6, 0, 1, 1, 1, NULL, NULL, '2024-12-09 03:07:25', '2024-12-09 03:07:25'),
(140, 3, 2, 4, 25, 6, 0, 1, 1, 1, NULL, NULL, '2024-12-09 03:10:55', '2024-12-09 03:10:55'),
(141, 7, 1, 34, 26, 2, 0, 1, 1, 1, NULL, NULL, '2024-12-09 03:14:08', '2024-12-09 03:14:08'),
(142, 8, 1, 34, 26, 4, 0, 1, 1, 1, NULL, NULL, '2024-12-09 03:45:12', '2024-12-09 03:45:12'),
(143, 6, 2, 11, 26, 2, 0, 1, 1, 1, NULL, NULL, '2024-12-09 03:46:03', '2024-12-09 03:46:03'),
(144, 5, 1, 11, 26, 2, 0, 1, 1, 1, NULL, NULL, '2024-12-09 03:46:41', '2024-12-09 03:46:41'),
(145, 4, 1, 5, 26, 4, 0, 1, 1, 1, NULL, NULL, '2024-12-09 03:47:18', '2024-12-09 03:47:18'),
(146, 4, 2, 5, 26, 4, 0, 1, 1, 1, NULL, NULL, '2024-12-09 03:47:40', '2024-12-09 03:47:40'),
(147, 3, 2, 8, 27, 3, 0, 1, 1, 1, NULL, NULL, '2024-12-09 03:48:28', '2024-12-09 03:48:28'),
(148, 4, 1, 8, 27, 3, 0, 1, 1, 1, NULL, NULL, '2024-12-09 03:48:51', '2024-12-09 03:48:51'),
(149, 5, 1, 8, 27, 3, 0, 1, 1, 1, NULL, NULL, '2024-12-09 03:49:32', '2024-12-09 03:49:32'),
(150, 5, 2, 8, 27, 3, 0, 1, 1, 1, NULL, NULL, '2024-12-09 03:50:02', '2024-12-09 03:50:02'),
(151, 6, 1, 8, 27, 3, 0, 1, 1, 1, NULL, NULL, '2024-12-09 03:50:31', '2024-12-09 03:50:31'),
(152, 6, 2, 8, 27, 3, 0, 1, 1, 1, NULL, NULL, '2024-12-09 03:50:52', '2024-12-09 03:50:52'),
(153, 7, 1, 22, 28, 2, 0, 1, 1, 1, NULL, NULL, '2024-12-09 03:51:20', '2024-12-09 03:51:20'),
(154, 8, 1, 22, 28, 2, 0, 1, 1, 1, NULL, NULL, '2024-12-09 03:51:44', '2024-12-09 03:51:44'),
(155, 6, 1, 2, 28, 3, 0, 1, 1, 1, NULL, NULL, '2024-12-09 03:52:48', '2024-12-09 03:52:48'),
(156, 4, 2, 2, 28, 3, 0, 1, 1, 1, NULL, NULL, '2024-12-09 03:53:20', '2024-12-09 03:53:20'),
(157, 7, 1, 24, 29, 2, 0, 1, 1, 1, NULL, NULL, '2024-12-09 03:54:08', '2024-12-09 03:54:08'),
(158, 6, 2, 13, 29, 2, 0, 1, 1, 1, NULL, NULL, '2024-12-09 03:54:33', '2024-12-09 03:54:33'),
(159, 5, 1, 13, 29, 4, 0, 1, 1, 1, NULL, NULL, '2024-12-09 03:54:59', '2024-12-09 03:54:59'),
(160, 4, 2, 6, 29, 4, 0, 1, 1, 1, NULL, NULL, '2024-12-09 03:56:14', '2024-12-09 03:56:14'),
(161, 7, 1, 29, 30, 4, 0, 1, 1, 1, NULL, NULL, '2024-12-09 04:00:12', '2024-12-09 04:00:12'),
(162, 8, 1, 29, 30, 4, 0, 1, 1, 1, NULL, NULL, '2024-12-09 04:00:36', '2024-12-09 04:00:36'),
(163, 1, 2, 1, 30, 6, 0, 1, 1, 1, NULL, NULL, '2024-12-09 04:01:58', '2024-12-09 04:01:58'),
(164, 2, 2, 4, 31, 6, 0, 1, 1, 1, NULL, NULL, '2024-12-09 04:14:51', '2024-12-09 04:14:51'),
(165, 4, 1, 5, 31, 2, 0, 1, 1, 1, NULL, NULL, '2024-12-09 04:17:00', '2024-12-09 04:17:00'),
(166, 4, 2, 5, 31, 2, 0, 1, 1, 1, NULL, NULL, '2024-12-09 04:17:24', '2024-12-09 04:17:24'),
(167, 5, 1, 11, 31, 2, 0, 1, 1, 1, NULL, NULL, '2024-12-09 04:18:42', '2024-12-09 04:18:42'),
(168, 5, 2, 11, 31, 2, 0, 1, 1, 1, NULL, NULL, '2024-12-09 04:19:30', '2024-12-09 04:19:30'),
(169, 7, 1, 22, 32, 2, 0, 1, 1, 1, NULL, NULL, '2024-12-09 04:19:59', '2024-12-09 04:19:59'),
(170, 8, 1, 22, 32, 2, 0, 1, 1, 1, NULL, NULL, '2024-12-09 04:20:25', '2024-12-09 04:20:25'),
(171, 6, 1, 2, 32, 3, 0, 1, 1, 1, NULL, NULL, '2024-12-09 04:20:56', '2024-12-09 04:20:56'),
(172, 6, 2, 2, 32, 3, 0, 1, 1, 1, NULL, NULL, '2024-12-09 04:22:08', '2024-12-09 04:22:08'),
(173, 1, 3, 2, 32, 6, 0, 1, 1, 1, NULL, NULL, '2024-12-09 04:24:40', '2024-12-09 04:24:40'),
(174, 7, 1, 21, 39, 2, 0, 1, 1, 1, NULL, NULL, '2024-12-09 04:25:29', '2024-12-09 04:25:29'),
(175, 6, 2, 1, 39, 3, 0, 1, 1, 1, NULL, NULL, '2024-12-09 04:26:09', '2024-12-09 04:26:09'),
(176, 4, 1, 1, 39, 3, 0, 1, 1, 1, NULL, NULL, '2024-12-09 04:27:00', '2024-12-09 04:27:00'),
(177, 4, 2, 1, 39, 3, 0, 1, 1, 1, NULL, NULL, '2024-12-09 04:27:23', '2024-12-09 04:27:23'),
(178, 5, 2, 4, 40, 6, 0, 1, 1, 1, NULL, NULL, '2024-12-09 04:53:03', '2024-12-09 04:53:03'),
(179, 1, 1, 4, 40, 6, 0, 1, 1, 1, NULL, NULL, '2024-12-09 04:53:28', '2024-12-09 04:53:28'),
(180, 2, 2, 5, 40, 4, 0, 1, 1, 1, NULL, NULL, '2024-12-09 04:54:12', '2024-12-09 04:54:12'),
(181, 7, 1, 38, 33, 4, 0, 1, 1, 1, NULL, NULL, '2024-12-09 04:54:53', '2024-12-09 04:54:53'),
(182, 8, 1, 38, 33, 4, 0, 1, 1, 1, NULL, NULL, '2024-12-09 04:55:18', '2024-12-09 04:55:18'),
(183, 4, 1, 4, 33, 6, 0, 1, 1, 1, NULL, NULL, '2024-12-09 04:55:44', '2024-12-09 04:55:44'),
(184, 2, 1, 2, 34, 6, 0, 1, 1, 1, NULL, NULL, '2024-12-09 04:57:18', '2024-12-09 04:57:18'),
(185, 2, 2, 2, 34, 6, 0, 1, 1, 1, NULL, NULL, '2024-12-09 04:57:42', '2024-12-09 04:57:42'),
(186, 3, 1, 2, 34, 6, 0, 1, 1, 1, NULL, NULL, '2024-12-09 04:58:11', '2024-12-09 04:58:11'),
(187, 3, 2, 2, 34, 6, 0, 1, 1, 1, NULL, NULL, '2024-12-09 04:58:36', '2024-12-09 04:58:36'),
(188, 2, 1, 7, 35, 4, 0, 1, 1, 1, NULL, NULL, '2024-12-09 04:59:05', '2024-12-09 04:59:05'),
(189, 2, 2, 7, 35, 4, 0, 1, 1, 1, NULL, NULL, '2024-12-09 04:59:29', '2024-12-09 04:59:29'),
(190, 3, 2, 7, 35, 4, 0, 1, 1, 1, NULL, NULL, '2024-12-09 04:59:55', '2024-12-09 04:59:55'),
(191, 7, 1, 28, 41, 5, 0, 1, 1, 1, NULL, NULL, '2024-12-09 05:00:29', '2024-12-09 05:00:29'),
(192, 8, 1, 28, 41, 5, 0, 1, 1, 1, NULL, NULL, '2024-12-09 05:00:54', '2024-12-09 05:00:54'),
(193, 6, 1, 12, 41, 2, 0, 1, 1, 1, NULL, NULL, '2024-12-09 05:01:19', '2024-12-09 05:01:19'),
(194, 6, 2, 12, 41, 2, 0, 1, 1, 1, NULL, NULL, '2024-12-09 05:01:43', '2024-12-09 05:01:43'),
(195, 5, 1, 12, 41, 2, 0, 1, 1, 1, NULL, NULL, '2024-12-09 05:02:40', '2024-12-09 05:02:40'),
(196, 3, 1, 4, 10, 6, 0, 1, 1, 1, NULL, NULL, '2024-12-09 05:07:20', '2024-12-09 05:07:20'),
(197, 1, 2, 4, 31, 6, 0, 1, 1, 1, NULL, NULL, '2024-12-09 05:16:13', '2024-12-09 05:16:13'),
(198, 1, 3, 4, 29, 6, 0, 1, 1, 1, NULL, NULL, '2024-12-09 05:17:14', '2024-12-09 05:17:14'),
(199, 3, 2, 1, 39, 3, 0, 1, 1, 1, NULL, NULL, '2024-12-09 05:22:24', '2024-12-09 05:22:24'),
(200, 1, 3, 1, 39, 6, 0, 1, 1, 1, NULL, NULL, '2024-12-09 05:22:53', '2024-12-09 05:22:53'),
(201, 1, 1, 2, 13, 6, 0, 1, 1, 1, NULL, NULL, '2024-12-09 05:24:48', '2024-12-09 05:22:53');

-- --------------------------------------------------------

--
-- Table structure for table `wsclasssubjects`
--

CREATE TABLE `wsclasssubjects` (
  `id` bigint(20) UNSIGNED NOT NULL,
  `wsclass_id` bigint(20) UNSIGNED NOT NULL,
  `wssubject_id` bigint(20) UNSIGNED NOT NULL,
  `school_id` bigint(20) UNSIGNED NOT NULL,
  `session_id` bigint(20) UNSIGNED NOT NULL,
  `is_active` tinyint(1) DEFAULT NULL,
  `is_additional` tinyint(1) NOT NULL DEFAULT 0,
  `pref_order` int(11) NOT NULL DEFAULT 0,
  `status` varchar(255) COLLATE utf8mb4_unicode_ci DEFAULT NULL,
  `remarks` varchar(255) COLLATE utf8mb4_unicode_ci DEFAULT NULL,
  `created_at` timestamp NULL DEFAULT NULL,
  `updated_at` timestamp NULL DEFAULT NULL
) ENGINE=InnoDB DEFAULT CHARSET=utf8mb4 COLLATE=utf8mb4_unicode_ci;

--
-- Dumping data for table `wsclasssubjects`
--

INSERT INTO `wsclasssubjects` (`id`, `wsclass_id`, `wssubject_id`, `school_id`, `session_id`, `is_active`, `is_additional`, `pref_order`, `status`, `remarks`, `created_at`, `updated_at`) VALUES
(1, 1, 1, 1, 1, 1, 0, 1, NULL, NULL, '2024-12-07 13:00:00', '2024-12-07 13:00:00'),
(2, 1, 17, 1, 1, 1, 0, 0, NULL, NULL, '2024-12-07 13:00:00', '2024-12-07 13:00:00'),
(3, 1, 18, 1, 1, 1, 0, 0, NULL, NULL, '2024-12-07 13:00:00', '2024-12-07 13:00:00'),
(4, 1, 19, 1, 1, 1, 0, 0, NULL, NULL, '2024-12-07 13:00:00', '2024-12-07 13:00:00'),
(5, 1, 20, 1, 1, 1, 0, 0, NULL, NULL, '2024-12-07 13:00:00', '2024-12-07 13:00:00'),
(6, 1, 2, 1, 1, 1, 0, 2, NULL, NULL, '2024-12-07 13:00:00', '2024-12-07 13:00:00'),
(7, 1, 3, 1, 1, 1, 0, 3, NULL, NULL, '2024-12-07 13:00:00', '2024-12-07 13:00:00'),
(8, 1, 4, 1, 1, 1, 0, 4, NULL, NULL, '2024-12-07 13:00:00', '2024-12-07 13:00:00'),
(9, 1, 5, 1, 1, 1, 0, 5, NULL, NULL, '2024-12-07 13:00:00', '2024-12-07 13:00:00'),
(10, 1, 9, 1, 1, 1, 0, 6, NULL, NULL, '2024-12-07 13:00:00', '2024-12-07 13:00:00'),
(11, 1, 10, 1, 1, 1, 0, 7, NULL, NULL, '2024-12-07 13:00:00', '2024-12-07 13:00:00'),
(12, 1, 15, 1, 1, 1, 1, 8, NULL, NULL, '2024-12-07 13:00:00', '2024-12-07 13:00:00'),
(13, 2, 16, 1, 1, 1, 0, 0, NULL, NULL, '2024-12-07 13:00:00', '2024-12-07 13:00:00'),
(14, 2, 17, 1, 1, 1, 0, 0, NULL, NULL, '2024-12-07 13:00:00', '2024-12-07 13:00:00'),
(15, 2, 18, 1, 1, 1, 0, 0, NULL, NULL, '2024-12-07 13:00:00', '2024-12-07 13:00:00'),
(16, 2, 19, 1, 1, 1, 0, 0, NULL, NULL, '2024-12-07 13:00:00', '2024-12-07 13:00:00'),
(17, 2, 20, 1, 1, 1, 0, 0, NULL, NULL, '2024-12-07 13:00:00', '2024-12-07 13:00:00'),
(18, 2, 1, 1, 1, 1, 0, 0, NULL, NULL, '2024-12-07 13:00:00', '2024-12-07 13:00:00'),
(19, 2, 2, 1, 1, 1, 0, 0, NULL, NULL, '2024-12-07 13:00:00', '2024-12-07 13:00:00'),
(20, 2, 3, 1, 1, 1, 0, 0, NULL, NULL, '2024-12-07 13:00:00', '2024-12-07 13:00:00'),
(21, 2, 4, 1, 1, 1, 0, 0, NULL, NULL, '2024-12-07 13:00:00', '2024-12-07 13:00:00'),
(22, 2, 5, 1, 1, 1, 0, 0, NULL, NULL, '2024-12-07 13:00:00', '2024-12-07 13:00:00'),
(23, 2, 6, 1, 1, 1, 0, 0, NULL, NULL, '2024-12-07 13:00:00', '2024-12-07 13:00:00'),
(24, 2, 7, 1, 1, 1, 0, 0, NULL, NULL, '2024-12-07 13:00:00', '2024-12-07 13:00:00'),
(25, 2, 8, 1, 1, 1, 0, 0, NULL, NULL, '2024-12-07 13:00:00', '2024-12-07 13:00:00'),
(26, 2, 9, 1, 1, 1, 0, 0, NULL, NULL, '2024-12-07 13:00:00', '2024-12-07 13:00:00'),
(27, 2, 10, 1, 1, 1, 0, 0, NULL, NULL, '2024-12-07 13:00:00', '2024-12-07 13:00:00'),
(28, 2, 15, 1, 1, 1, 1, 0, NULL, NULL, '2024-12-07 13:00:00', '2024-12-07 13:00:00'),
(29, 3, 16, 1, 1, 1, 0, 0, NULL, NULL, '2024-12-07 13:00:00', '2024-12-07 13:00:00'),
(30, 3, 17, 1, 1, 1, 0, 0, NULL, NULL, '2024-12-07 13:00:00', '2024-12-07 13:00:00'),
(31, 3, 18, 1, 1, 1, 0, 0, NULL, NULL, '2024-12-07 13:00:00', '2024-12-07 13:00:00'),
(32, 3, 19, 1, 1, 1, 0, 0, NULL, NULL, '2024-12-07 13:00:00', '2024-12-07 13:00:00'),
(33, 3, 20, 1, 1, 1, 0, 0, NULL, NULL, '2024-12-07 13:00:00', '2024-12-07 13:00:00'),
(34, 3, 1, 1, 1, 1, 0, 0, NULL, NULL, '2024-12-07 13:00:00', '2024-12-07 13:00:00'),
(35, 3, 2, 1, 1, 1, 0, 0, NULL, NULL, '2024-12-07 13:00:00', '2024-12-07 13:00:00'),
(36, 3, 3, 1, 1, 1, 0, 0, NULL, NULL, '2024-12-07 13:00:00', '2024-12-07 13:00:00'),
(37, 3, 4, 1, 1, 1, 0, 0, NULL, NULL, '2024-12-07 13:00:00', '2024-12-07 13:00:00'),
(38, 3, 5, 1, 1, 1, 0, 0, NULL, NULL, '2024-12-07 13:00:00', '2024-12-07 13:00:00'),
(39, 3, 6, 1, 1, 1, 0, 0, NULL, NULL, '2024-12-07 13:00:00', '2024-12-07 13:00:00'),
(40, 3, 7, 1, 1, 1, 0, 0, NULL, NULL, '2024-12-07 13:00:00', '2024-12-07 13:00:00'),
(41, 3, 8, 1, 1, 1, 0, 0, NULL, NULL, '2024-12-07 13:00:00', '2024-12-07 13:00:00'),
(42, 3, 9, 1, 1, 1, 0, 0, NULL, NULL, '2024-12-07 13:00:00', '2024-12-07 13:00:00'),
(43, 3, 10, 1, 1, 1, 0, 0, NULL, NULL, '2024-12-07 13:00:00', '2024-12-07 13:00:00'),
(44, 3, 15, 1, 1, 1, 1, 0, NULL, NULL, '2024-12-07 13:00:00', '2024-12-07 13:00:00'),
(45, 4, 16, 1, 1, 1, 0, 0, NULL, NULL, '2024-12-07 13:00:00', '2024-12-07 13:00:00'),
(46, 4, 17, 1, 1, 1, 0, 0, NULL, NULL, '2024-12-07 13:00:00', '2024-12-07 13:00:00'),
(47, 4, 18, 1, 1, 1, 0, 0, NULL, NULL, '2024-12-07 13:00:00', '2024-12-07 13:00:00'),
(48, 4, 19, 1, 1, 1, 0, 0, NULL, NULL, '2024-12-07 13:00:00', '2024-12-07 13:00:00'),
(49, 4, 20, 1, 1, 1, 0, 0, NULL, NULL, '2024-12-07 13:00:00', '2024-12-07 13:00:00'),
(50, 4, 1, 1, 1, 1, 0, 0, NULL, NULL, '2024-12-07 13:00:00', '2024-12-07 13:00:00'),
(51, 4, 2, 1, 1, 1, 0, 0, NULL, NULL, '2024-12-07 13:00:00', '2024-12-07 13:00:00'),
(52, 4, 3, 1, 1, 1, 0, 0, NULL, NULL, '2024-12-07 13:00:00', '2024-12-07 13:00:00'),
(53, 4, 4, 1, 1, 1, 0, 0, NULL, NULL, '2024-12-07 13:00:00', '2024-12-07 13:00:00'),
(54, 4, 5, 1, 1, 1, 0, 0, NULL, NULL, '2024-12-07 13:00:00', '2024-12-07 13:00:00'),
(55, 4, 6, 1, 1, 1, 0, 0, NULL, NULL, '2024-12-07 13:00:00', '2024-12-07 13:00:00'),
(56, 4, 7, 1, 1, 1, 0, 0, NULL, NULL, '2024-12-07 13:00:00', '2024-12-07 13:00:00'),
(57, 4, 8, 1, 1, 1, 0, 0, NULL, NULL, '2024-12-07 13:00:00', '2024-12-07 13:00:00'),
(58, 4, 9, 1, 1, 1, 0, 0, NULL, NULL, '2024-12-07 13:00:00', '2024-12-07 13:00:00'),
(59, 4, 10, 1, 1, 1, 0, 0, NULL, NULL, '2024-12-07 13:00:00', '2024-12-07 13:00:00'),
(60, 4, 15, 1, 1, 1, 1, 0, NULL, NULL, '2024-12-07 13:00:00', '2024-12-07 13:00:00'),
(61, 5, 1, 1, 1, 1, 0, 0, NULL, NULL, '2024-12-07 13:00:00', '2024-12-07 13:00:00'),
(62, 5, 2, 1, 1, 1, 0, 0, NULL, NULL, '2024-12-07 13:00:00', '2024-12-07 13:00:00'),
(63, 5, 3, 1, 1, 1, 0, 0, NULL, NULL, '2024-12-07 13:00:00', '2024-12-07 13:00:00'),
(64, 5, 4, 1, 1, 1, 0, 0, NULL, NULL, '2024-12-07 13:00:00', '2024-12-07 13:00:00'),
(65, 5, 8, 1, 1, 1, 0, 0, NULL, NULL, '2024-12-07 13:00:00', '2024-12-07 13:00:00'),
(66, 5, 9, 1, 1, 1, 0, 0, NULL, NULL, '2024-12-07 13:00:00', '2024-12-07 13:00:00'),
(67, 5, 10, 1, 1, 1, 0, 0, NULL, NULL, '2024-12-07 13:00:00', '2024-12-07 13:00:00'),
(68, 5, 11, 1, 1, 1, 0, 0, NULL, NULL, '2024-12-07 13:00:00', '2024-12-07 13:00:00'),
(69, 5, 12, 1, 1, 1, 0, 0, NULL, NULL, '2024-12-07 13:00:00', '2024-12-07 13:00:00'),
(70, 5, 13, 1, 1, 1, 0, 0, NULL, NULL, '2024-12-07 13:00:00', '2024-12-07 13:00:00'),
(71, 5, 14, 1, 1, 1, 0, 0, NULL, NULL, '2024-12-07 13:00:00', '2024-12-07 13:00:00'),
(72, 5, 15, 1, 1, 1, 1, 0, NULL, NULL, '2024-12-07 13:00:00', '2024-12-07 13:00:00'),
(73, 6, 1, 1, 1, 1, 0, 0, NULL, NULL, '2024-12-07 13:00:00', '2024-12-07 13:00:00'),
(74, 6, 2, 1, 1, 1, 0, 0, NULL, NULL, '2024-12-07 13:00:00', '2024-12-07 13:00:00'),
(75, 6, 3, 1, 1, 1, 0, 0, NULL, NULL, '2024-12-07 13:00:00', '2024-12-07 13:00:00'),
(76, 6, 4, 1, 1, 1, 0, 0, NULL, NULL, '2024-12-07 13:00:00', '2024-12-07 13:00:00'),
(77, 6, 8, 1, 1, 1, 0, 0, NULL, NULL, '2024-12-07 13:00:00', '2024-12-07 13:00:00'),
(78, 6, 9, 1, 1, 1, 0, 0, NULL, NULL, '2024-12-07 13:00:00', '2024-12-07 13:00:00'),
(79, 6, 10, 1, 1, 1, 0, 0, NULL, NULL, '2024-12-07 13:00:00', '2024-12-07 13:00:00'),
(80, 6, 11, 1, 1, 1, 0, 0, NULL, NULL, '2024-12-07 13:00:00', '2024-12-07 13:00:00'),
(81, 6, 12, 1, 1, 1, 0, 0, NULL, NULL, '2024-12-07 13:00:00', '2024-12-07 13:00:00'),
(82, 6, 13, 1, 1, 1, 0, 0, NULL, NULL, '2024-12-07 13:00:00', '2024-12-07 13:00:00'),
(83, 6, 14, 1, 1, 1, 0, 0, NULL, NULL, '2024-12-07 13:00:00', '2024-12-07 13:00:00'),
(84, 6, 15, 1, 1, 1, 1, 0, NULL, NULL, '2024-12-07 13:00:00', '2024-12-07 13:00:00'),
(85, 7, 21, 1, 1, 1, 0, 0, NULL, NULL, '2024-12-07 13:00:00', '2024-12-07 13:00:00'),
(86, 7, 22, 1, 1, 1, 0, 0, NULL, NULL, '2024-12-07 13:00:00', '2024-12-07 13:00:00'),
(87, 7, 23, 1, 1, 1, 0, 0, NULL, NULL, '2024-12-07 13:00:00', '2024-12-07 13:00:00'),
(88, 7, 24, 1, 1, 1, 0, 0, NULL, NULL, '2024-12-07 13:00:00', '2024-12-07 13:00:00'),
(89, 7, 25, 1, 1, 1, 0, 0, NULL, NULL, '2024-12-07 13:00:00', '2024-12-07 13:00:00'),
(90, 7, 26, 1, 1, 1, 0, 0, NULL, NULL, '2024-12-07 13:00:00', '2024-12-07 13:00:00'),
(91, 7, 27, 1, 1, 1, 0, 0, NULL, NULL, '2024-12-07 13:00:00', '2024-12-07 13:00:00'),
(92, 7, 28, 1, 1, 1, 0, 0, NULL, NULL, '2024-12-07 13:00:00', '2024-12-07 13:00:00'),
(93, 7, 29, 1, 1, 1, 0, 0, NULL, NULL, '2024-12-07 13:00:00', '2024-12-07 13:00:00'),
(94, 7, 30, 1, 1, 1, 0, 0, NULL, NULL, '2024-12-07 13:00:00', '2024-12-07 13:00:00'),
(95, 7, 31, 1, 1, 1, 0, 0, NULL, NULL, '2024-12-07 13:00:00', '2024-12-07 13:00:00'),
(96, 7, 32, 1, 1, 1, 0, 0, NULL, NULL, '2024-12-07 13:00:00', '2024-12-07 13:00:00'),
(97, 7, 33, 1, 1, 1, 0, 0, NULL, NULL, '2024-12-07 13:00:00', '2024-12-07 13:00:00'),
(98, 7, 34, 1, 1, 1, 0, 0, NULL, NULL, '2024-12-07 13:00:00', '2024-12-07 13:00:00'),
(99, 7, 35, 1, 1, 1, 0, 0, NULL, NULL, '2024-12-07 13:00:00', '2024-12-07 13:00:00'),
(100, 7, 36, 1, 1, 1, 0, 0, NULL, NULL, '2024-12-07 13:00:00', '2024-12-07 13:00:00'),
(101, 7, 37, 1, 1, 1, 0, 0, NULL, NULL, '2024-12-07 13:00:00', '2024-12-07 13:00:00'),
(102, 8, 21, 1, 1, 1, 0, 0, NULL, NULL, '2024-12-07 13:00:00', '2024-12-07 13:00:00'),
(103, 8, 22, 1, 1, 1, 0, 0, NULL, NULL, '2024-12-07 13:00:00', '2024-12-07 13:00:00'),
(104, 8, 23, 1, 1, 1, 0, 0, NULL, NULL, '2024-12-07 13:00:00', '2024-12-07 13:00:00'),
(105, 8, 24, 1, 1, 1, 0, 0, NULL, NULL, '2024-12-07 13:00:00', '2024-12-07 13:00:00'),
(106, 8, 25, 1, 1, 1, 0, 0, NULL, NULL, '2024-12-07 13:00:00', '2024-12-07 13:00:00'),
(107, 8, 26, 1, 1, 1, 0, 0, NULL, NULL, '2024-12-07 13:00:00', '2024-12-07 13:00:00'),
(108, 8, 27, 1, 1, 1, 0, 0, NULL, NULL, '2024-12-07 13:00:00', '2024-12-07 13:00:00'),
(109, 8, 28, 1, 1, 1, 0, 0, NULL, NULL, '2024-12-07 13:00:00', '2024-12-07 13:00:00'),
(110, 8, 29, 1, 1, 1, 0, 0, NULL, NULL, '2024-12-07 13:00:00', '2024-12-07 13:00:00'),
(111, 8, 30, 1, 1, 1, 0, 0, NULL, NULL, '2024-12-07 13:00:00', '2024-12-07 13:00:00'),
(112, 8, 31, 1, 1, 1, 0, 0, NULL, NULL, '2024-12-07 13:00:00', '2024-12-07 13:00:00'),
(113, 8, 32, 1, 1, 1, 0, 0, NULL, NULL, '2024-12-07 13:00:00', '2024-12-07 13:00:00'),
(114, 8, 33, 1, 1, 1, 0, 0, NULL, NULL, '2024-12-07 13:00:00', '2024-12-07 13:00:00'),
(115, 8, 34, 1, 1, 1, 0, 0, NULL, NULL, '2024-12-07 13:00:00', '2024-12-07 13:00:00'),
(116, 8, 35, 1, 1, 1, 0, 0, NULL, NULL, '2024-12-07 13:00:00', '2024-12-07 13:00:00'),
(117, 8, 36, 1, 1, 1, 0, 0, NULL, NULL, '2024-12-07 13:00:00', '2024-12-07 13:00:00'),
(118, 8, 37, 1, 1, 1, 0, 0, NULL, NULL, '2024-12-07 13:00:00', '2024-12-07 13:00:00'),
(119, 7, 38, 1, 1, 1, 0, 0, NULL, NULL, '2024-12-07 13:00:00', '2024-12-07 13:00:00'),
(120, 8, 38, 1, 1, 1, 0, 0, NULL, NULL, '2024-12-07 13:00:00', '2024-12-07 13:00:00'),
(121, 1, 16, 1, 1, 1, 0, 0, NULL, NULL, '2024-12-07 13:00:00', '2024-12-07 13:00:00');

-- --------------------------------------------------------

--
-- Table structure for table `wsclasssubjectweektps`
--

CREATE TABLE `wsclasssubjectweektps` (
  `id` bigint(20) UNSIGNED NOT NULL,
  `wsclass_id` bigint(20) UNSIGNED NOT NULL,
  `wssubject_id` bigint(20) UNSIGNED NOT NULL,
  `weekly_total_periods` bigint(20) UNSIGNED DEFAULT NULL,
  `school_id` bigint(20) UNSIGNED NOT NULL,
  `session_id` bigint(20) UNSIGNED NOT NULL,
  `is_active` tinyint(1) DEFAULT NULL,
  `status` varchar(255) COLLATE utf8mb4_unicode_ci DEFAULT NULL,
  `remarks` varchar(255) COLLATE utf8mb4_unicode_ci DEFAULT NULL,
  `created_at` timestamp NULL DEFAULT NULL,
  `updated_at` timestamp NULL DEFAULT NULL
) ENGINE=InnoDB DEFAULT CHARSET=utf8mb4 COLLATE=utf8mb4_unicode_ci;

-- --------------------------------------------------------

--
-- Table structure for table `wsdayperiodtimes`
--

CREATE TABLE `wsdayperiodtimes` (
  `id` bigint(20) UNSIGNED NOT NULL,
  `wsday_id` bigint(20) UNSIGNED NOT NULL,
  `pt_group_id` bigint(20) UNSIGNED NOT NULL,
  `school_id` bigint(20) UNSIGNED NOT NULL,
  `session_id` bigint(20) UNSIGNED NOT NULL,
  `is_active` tinyint(1) DEFAULT NULL,
  `status` varchar(255) COLLATE utf8mb4_unicode_ci DEFAULT NULL,
  `remarks` varchar(255) COLLATE utf8mb4_unicode_ci DEFAULT NULL,
  `created_at` timestamp NULL DEFAULT NULL,
  `updated_at` timestamp NULL DEFAULT NULL
) ENGINE=InnoDB DEFAULT CHARSET=utf8mb4 COLLATE=utf8mb4_unicode_ci;

-- --------------------------------------------------------

--
-- Table structure for table `wsdays`
--

CREATE TABLE `wsdays` (
  `id` bigint(20) UNSIGNED NOT NULL,
  `name` varchar(255) COLLATE utf8mb4_unicode_ci NOT NULL,
  `school_id` bigint(20) UNSIGNED NOT NULL,
  `session_id` bigint(20) UNSIGNED NOT NULL,
  `is_active` tinyint(1) DEFAULT NULL,
  `status` varchar(255) COLLATE utf8mb4_unicode_ci DEFAULT NULL,
  `remarks` varchar(255) COLLATE utf8mb4_unicode_ci DEFAULT NULL,
  `created_at` timestamp NULL DEFAULT NULL,
  `updated_at` timestamp NULL DEFAULT NULL
) ENGINE=InnoDB DEFAULT CHARSET=utf8mb4 COLLATE=utf8mb4_unicode_ci;

--
-- Dumping data for table `wsdays`
--

INSERT INTO `wsdays` (`id`, `name`, `school_id`, `session_id`, `is_active`, `status`, `remarks`, `created_at`, `updated_at`) VALUES
(1, 'Mon', 1, 1, 1, NULL, NULL, '2024-12-22 13:00:00', '2024-12-22 13:00:00'),
(2, 'Tue', 1, 1, 1, NULL, NULL, '2024-12-22 13:00:00', '2024-12-22 13:00:00'),
(3, 'Wed', 1, 1, 1, NULL, NULL, '2024-12-22 13:00:00', '2024-12-22 13:00:00'),
(4, 'Thu', 1, 1, 1, NULL, NULL, '2024-12-22 13:00:00', '2024-12-22 13:00:00'),
(5, 'Fri', 1, 1, 1, NULL, NULL, '2024-12-22 13:00:00', '2024-12-22 13:00:00'),
(6, 'Sat', 1, 1, 1, NULL, NULL, '2024-12-22 13:00:00', '2024-12-22 13:00:00');

-- --------------------------------------------------------

--
-- Table structure for table `wsperiods`
--

CREATE TABLE `wsperiods` (
  `id` bigint(20) UNSIGNED NOT NULL,
  `name` varchar(255) COLLATE utf8mb4_unicode_ci NOT NULL,
  `name_sequence` int(11) DEFAULT NULL,
  `school_id` bigint(20) UNSIGNED NOT NULL,
  `session_id` bigint(20) UNSIGNED NOT NULL,
  `is_active` tinyint(1) DEFAULT NULL,
  `status` varchar(255) COLLATE utf8mb4_unicode_ci DEFAULT NULL,
  `remarks` varchar(255) COLLATE utf8mb4_unicode_ci DEFAULT NULL,
  `created_at` timestamp NULL DEFAULT NULL,
  `updated_at` timestamp NULL DEFAULT NULL
) ENGINE=InnoDB DEFAULT CHARSET=utf8mb4 COLLATE=utf8mb4_unicode_ci;

--
-- Dumping data for table `wsperiods`
--

INSERT INTO `wsperiods` (`id`, `name`, `name_sequence`, `school_id`, `session_id`, `is_active`, `status`, `remarks`, `created_at`, `updated_at`) VALUES
(1, 'First', 1, 1, 1, 1, NULL, NULL, '2024-12-22 13:00:00', '2024-12-22 13:00:00'),
(2, 'Second', 2, 1, 1, 1, NULL, NULL, '2024-12-22 13:00:00', '2024-12-22 13:00:00'),
(3, 'Third', 3, 1, 1, 1, NULL, NULL, '2024-12-22 13:00:00', '2024-12-22 13:00:00'),
(4, 'Forth', 4, 1, 1, 1, NULL, NULL, '2024-12-22 13:00:00', '2024-12-22 13:00:00'),
(5, 'Fifth', 5, 1, 1, 1, NULL, NULL, '2024-12-22 13:00:00', '2024-12-22 13:00:00'),
(6, 'Sixth', 6, 1, 1, 1, NULL, NULL, '2024-12-22 13:00:00', '2024-12-22 13:00:00'),
(7, 'Seventh', 7, 1, 1, 1, NULL, NULL, '2024-12-22 13:00:00', '2024-12-22 13:00:00'),
(8, 'Eight', 8, 1, 1, 1, NULL, NULL, '2024-12-22 13:00:00', '2024-12-22 13:00:00');

-- --------------------------------------------------------

--
-- Table structure for table `wsperiodtimes`
--

CREATE TABLE `wsperiodtimes` (
  `id` bigint(20) UNSIGNED NOT NULL,
  `name` varchar(255) COLLATE utf8mb4_unicode_ci NOT NULL,
  `name_index` int(11) DEFAULT NULL,
  `wsperiod_id` bigint(20) UNSIGNED NOT NULL,
  `wstime_id` bigint(20) UNSIGNED NOT NULL,
  `pt_group_id` int(11) DEFAULT NULL,
  `pt_group_sequence` int(11) DEFAULT NULL,
  `school_id` bigint(20) UNSIGNED NOT NULL,
  `session_id` bigint(20) UNSIGNED NOT NULL,
  `is_active` tinyint(1) DEFAULT NULL,
  `status` varchar(255) COLLATE utf8mb4_unicode_ci DEFAULT NULL,
  `remarks` varchar(255) COLLATE utf8mb4_unicode_ci DEFAULT NULL,
  `created_at` timestamp NULL DEFAULT NULL,
  `updated_at` timestamp NULL DEFAULT NULL
) ENGINE=InnoDB DEFAULT CHARSET=utf8mb4 COLLATE=utf8mb4_unicode_ci;

--
-- Dumping data for table `wsperiodtimes`
--

INSERT INTO `wsperiodtimes` (`id`, `name`, `name_index`, `wsperiod_id`, `wstime_id`, `pt_group_id`, `pt_group_sequence`, `school_id`, `session_id`, `is_active`, `status`, `remarks`, `created_at`, `updated_at`) VALUES
(1, 'First', 1, 1, 1, 1, 1, 1, 1, 1, NULL, NULL, '2024-12-23 18:30:00', '2024-12-23 18:30:00'),
(2, 'Second', 2, 2, 2, 1, 2, 1, 1, 1, NULL, NULL, '2024-12-23 18:30:00', '2024-12-23 18:30:00'),
(3, 'Third', 3, 3, 3, 1, 3, 1, 1, 1, NULL, NULL, '2024-12-23 18:30:00', '2024-12-23 18:30:00'),
(4, 'Forth', 4, 4, 4, 1, 4, 1, 1, 1, NULL, NULL, '2024-12-23 18:30:00', '2024-12-23 18:30:00'),
(5, 'Fifth', 5, 5, 6, 1, 5, 1, 1, 1, NULL, NULL, '2024-12-23 18:30:00', '2024-12-23 18:30:00'),
(6, 'Sixth', 6, 6, 7, 1, 6, 1, 1, 1, NULL, NULL, '2024-12-23 18:30:00', '2024-12-23 18:30:00'),
(7, 'Seventh', 7, 7, 8, 1, 7, 1, 1, 1, NULL, NULL, '2024-12-23 18:30:00', '2024-12-23 18:30:00'),
(8, 'Eighth', 8, 8, 9, 1, 8, 1, 1, 1, NULL, NULL, '2024-12-23 18:30:00', '2024-12-23 18:30:00');

-- --------------------------------------------------------

--
-- Table structure for table `wssections`
--

CREATE TABLE `wssections` (
  `id` bigint(20) UNSIGNED NOT NULL,
  `name` varchar(255) COLLATE utf8mb4_unicode_ci NOT NULL,
  `name_sequence` int(11) DEFAULT NULL,
  `priority_star` int(11) DEFAULT NULL,
  `school_id` bigint(20) UNSIGNED NOT NULL,
  `session_id` bigint(20) UNSIGNED NOT NULL,
  `is_active` tinyint(1) DEFAULT NULL,
  `status` varchar(255) COLLATE utf8mb4_unicode_ci DEFAULT NULL,
  `remarks` varchar(255) COLLATE utf8mb4_unicode_ci DEFAULT NULL,
  `created_at` timestamp NULL DEFAULT NULL,
  `updated_at` timestamp NULL DEFAULT NULL
) ENGINE=InnoDB DEFAULT CHARSET=utf8mb4 COLLATE=utf8mb4_unicode_ci;

--
-- Dumping data for table `wssections`
--

INSERT INTO `wssections` (`id`, `name`, `name_sequence`, `priority_star`, `school_id`, `session_id`, `is_active`, `status`, `remarks`, `created_at`, `updated_at`) VALUES
(1, 'A', 1, 3, 1, 1, 1, NULL, NULL, '2024-12-22 13:00:00', '2024-12-22 13:00:00'),
(2, 'B', 2, 2, 1, 1, 1, NULL, NULL, '2024-12-22 13:00:00', '2024-12-22 13:00:00'),
(3, 'C', 3, 1, 1, 1, 1, NULL, NULL, '2024-12-22 13:00:00', '2024-12-22 13:00:00');

-- --------------------------------------------------------

--
-- Table structure for table `wssubjects`
--

CREATE TABLE `wssubjects` (
  `id` bigint(20) UNSIGNED NOT NULL,
  `name` varchar(255) COLLATE utf8mb4_unicode_ci NOT NULL,
  `name_in_short` varchar(255) COLLATE utf8mb4_unicode_ci DEFAULT NULL,
  `name_sequence` int(11) DEFAULT NULL,
  `priority_star_out_of_5` int(11) DEFAULT NULL,
  `subject_type` varchar(255) COLLATE utf8mb4_unicode_ci NOT NULL,
  `subject_category` varchar(255) COLLATE utf8mb4_unicode_ci NOT NULL,
  `school_id` bigint(20) UNSIGNED NOT NULL,
  `session_id` bigint(20) UNSIGNED NOT NULL,
  `is_active` tinyint(1) DEFAULT NULL,
  `status` varchar(255) COLLATE utf8mb4_unicode_ci DEFAULT NULL,
  `remarks` varchar(255) COLLATE utf8mb4_unicode_ci DEFAULT NULL,
  `created_at` timestamp NULL DEFAULT NULL,
  `updated_at` timestamp NULL DEFAULT NULL
) ENGINE=InnoDB DEFAULT CHARSET=utf8mb4 COLLATE=utf8mb4_unicode_ci;

--
-- Dumping data for table `wssubjects`
--

INSERT INTO `wssubjects` (`id`, `name`, `name_in_short`, `name_sequence`, `priority_star_out_of_5`, `subject_type`, `subject_category`, `school_id`, `session_id`, `is_active`, `status`, `remarks`, `created_at`, `updated_at`) VALUES
(1, 'Bengali', 'Beng', 1, 5, 'Summative', 'Secondary', 1, 1, 1, NULL, NULL, '2024-12-22 18:30:00', '2024-12-22 18:30:00'),
(2, 'English', 'Engl', 1, 5, 'Summative', 'Secondary', 1, 1, 1, NULL, NULL, '2024-12-22 18:30:00', '2024-12-22 18:30:00'),
(3, 'Arabic', 'Arbc', 1, 3, 'Summative', 'Secondary', 1, 1, 1, NULL, NULL, '2024-12-22 18:30:00', '2024-12-22 18:30:00'),
(4, 'Mathmatics', 'Math', 1, 5, 'Summative', 'Secondary', 1, 1, 1, NULL, NULL, '2024-12-22 18:30:00', '2024-12-22 18:30:00'),
(5, 'Environment & Science', 'EnSc', 1, 5, 'Summative', 'Secondary', 1, 1, 1, NULL, NULL, '2024-12-22 18:30:00', '2024-12-22 18:30:00'),
(6, 'Environment & History', 'EnHs', 1, 4, 'Summative', 'Secondary', 1, 1, 1, NULL, NULL, '2024-12-22 18:30:00', '2024-12-22 18:30:00'),
(7, 'Environment & Geography', 'EnGr', 1, 4, 'Summative', 'Secondary', 1, 1, 1, NULL, NULL, '2024-12-22 18:30:00', '2024-12-22 18:30:00'),
(8, 'Islam Parichay', 'Ispr', 1, 2, 'Summative', 'Secondary', 1, 1, 1, NULL, NULL, '2024-12-22 18:30:00', '2024-12-22 18:30:00'),
(9, 'Health & Physical Education', 'HlPe', 1, 1, 'Summative', 'Secondary', 1, 1, 1, NULL, NULL, '2024-12-22 18:30:00', '2024-12-22 18:30:00'),
(10, 'Art & Work Education', 'ArWe', 1, 1, 'Summative', 'Secondary', 1, 1, 1, NULL, NULL, '2024-12-22 18:30:00', '2024-12-22 18:30:00'),
(11, 'Physical Science', 'PhSc', 1, 5, 'Summative', 'Secondary', 1, 1, 1, NULL, NULL, '2024-12-22 18:30:00', '2024-12-22 18:30:00'),
(12, 'Life Science', 'LfSc', 1, 5, 'Summative', 'Secondary', 1, 1, 1, NULL, NULL, '2024-12-22 18:30:00', '2024-12-22 18:30:00'),
(13, 'History', 'Hist', 1, 5, 'Summative', 'Secondary', 1, 1, 1, NULL, NULL, '2024-12-22 18:30:00', '2024-12-22 18:30:00'),
(14, 'Geography', 'Geog', 1, 5, 'Summative', 'Secondary', 1, 1, 1, NULL, NULL, '2024-12-22 18:30:00', '2024-12-22 18:30:00'),
(15, 'Computer Application', 'Coma', 1, 1, 'Summative', 'Secondary', 1, 1, 1, NULL, NULL, '2024-12-22 18:30:00', '2024-12-22 18:30:00'),
(16, 'Participation', 'PrCP', 1, 1, 'Formative', 'Secondary', 1, 1, 1, NULL, NULL, '2024-12-22 18:30:00', '2024-12-22 18:30:00'),
(17, 'Questioning and Experimentation', 'QuEx', 1, 1, 'Formative', 'Secondary', 1, 1, 1, NULL, NULL, '2024-12-22 18:30:00', '2024-12-22 18:30:00'),
(18, 'Interpretation and Application', 'InAp', 1, 1, 'Formative', 'Secondary', 1, 1, 1, NULL, NULL, '2024-12-22 18:30:00', '2024-12-22 18:30:00'),
(19, 'Empathy and Co-operation', 'EmCo', 1, 1, 'Formative', 'Secondary', 1, 1, 1, NULL, NULL, '2024-12-22 18:30:00', '2024-12-22 18:30:00'),
(20, 'Aesthetic and Creative Expression', 'AsCe', 1, 1, 'Formative', 'Secondary', 1, 1, 1, NULL, NULL, '2024-12-22 18:30:00', '2024-12-22 18:30:00'),
(21, 'Bengali', 'BNGA', 1, 5, '', 'Higher Secondary', 1, 1, 1, NULL, NULL, '2024-12-22 18:30:00', '2024-12-22 18:30:00'),
(22, 'English', 'ENGB', 1, 5, '', 'Higher Secondary', 1, 1, 1, NULL, NULL, '2024-12-22 18:30:00', '2024-12-22 18:30:00'),
(23, 'Arabic', 'ARBC', 1, 5, '', 'Higher Secondary', 1, 1, 1, NULL, NULL, '2024-12-22 18:30:00', '2024-12-22 18:30:00'),
(24, 'History', 'HIST', 1, 5, '', 'Higher Secondary', 1, 1, 1, NULL, NULL, '2024-12-22 18:30:00', '2024-12-22 18:30:00'),
(25, 'Geography', 'GEGR', 1, 5, '', 'Higher Secondary', 1, 1, 1, NULL, NULL, '2024-12-22 18:30:00', '2024-12-22 18:30:00'),
(26, 'Political Science', 'POLS', 1, 5, '', 'Higher Secondary', 1, 1, 1, NULL, NULL, '2024-12-22 18:30:00', '2024-12-22 18:30:00'),
(27, 'Philosophy', 'PHIL', 1, 5, '', 'Higher Secondary', 1, 1, 1, NULL, NULL, '2024-12-22 18:30:00', '2024-12-22 18:30:00'),
(28, 'Nutrition', 'NUTN', 1, 5, '', 'Higher Secondary', 1, 1, 1, NULL, NULL, '2024-12-22 18:30:00', '2024-12-22 18:30:00'),
(29, 'Education', 'EDCN', 1, 5, '', 'Higher Secondary', 1, 1, 1, NULL, NULL, '2024-12-22 18:30:00', '2024-12-22 18:30:00'),
(30, 'Economics', 'EDCN', 1, 5, '', 'Higher Secondary', 1, 1, 1, NULL, NULL, '2024-12-22 18:30:00', '2024-12-22 18:30:00'),
(31, 'Modern Computer Application', 'COMA', 1, 5, '', 'Higher Secondary', 1, 1, 1, NULL, NULL, '2024-12-22 18:30:00', '2024-12-22 18:30:00'),
(32, 'Modern Computer Science', 'COMS', 1, 5, '', 'Higher Secondary', 1, 1, 1, NULL, NULL, '2024-12-22 18:30:00', '2024-12-22 18:30:00'),
(33, 'Artificial Intelligence', 'ATIN', 1, 5, '', 'Higher Secondary', 1, 1, 1, NULL, NULL, '2024-12-22 18:30:00', '2024-12-22 18:30:00'),
(34, 'Data Science', 'DTSC', 1, 5, '', 'Higher Secondary', 1, 1, 1, NULL, NULL, '2024-12-22 18:30:00', '2024-12-22 18:30:00'),
(35, 'Physics', 'PHYS', 1, 5, '', 'Higher Secondary', 1, 1, 1, NULL, NULL, '2024-12-22 18:30:00', '2024-12-22 18:30:00'),
(36, 'Chemistry', 'CHEM', 1, 5, '', 'Higher Secondary', 1, 1, 1, NULL, NULL, '2024-12-22 18:30:00', '2024-12-22 18:30:00'),
(37, 'Mathemics', 'MATH', 1, 5, '', 'Higher Secondary', 1, 1, 1, NULL, NULL, '2024-12-22 18:30:00', '2024-12-22 18:30:00'),
(38, 'Biology', 'BIOS', 1, 5, '', 'Higher Secondary', 1, 1, 1, NULL, NULL, '2024-12-22 18:30:00', '2024-12-22 18:30:00');

-- --------------------------------------------------------

--
-- Table structure for table `wssubjectteachers`
--

CREATE TABLE `wssubjectteachers` (
  `id` bigint(20) UNSIGNED NOT NULL,
  `wssubject_id` bigint(20) UNSIGNED NOT NULL,
  `wsteacher_id` bigint(20) UNSIGNED NOT NULL,
  `school_id` bigint(20) UNSIGNED NOT NULL,
  `session_id` bigint(20) UNSIGNED NOT NULL,
  `is_active` tinyint(1) DEFAULT NULL,
  `status` varchar(255) COLLATE utf8mb4_unicode_ci DEFAULT NULL,
  `remarks` varchar(255) COLLATE utf8mb4_unicode_ci DEFAULT NULL,
  `created_at` timestamp NULL DEFAULT NULL,
  `updated_at` timestamp NULL DEFAULT NULL
) ENGINE=InnoDB DEFAULT CHARSET=utf8mb4 COLLATE=utf8mb4_unicode_ci;

-- --------------------------------------------------------

--
-- Table structure for table `wsteachers`
--

CREATE TABLE `wsteachers` (
  `id` bigint(20) UNSIGNED NOT NULL,
  `session_id` int(11) NOT NULL,
  `name` varchar(255) COLLATE utf8mb4_unicode_ci NOT NULL,
  `name_alias` varchar(255) COLLATE utf8mb4_unicode_ci DEFAULT NULL,
  `mobno` varchar(255) COLLATE utf8mb4_unicode_ci DEFAULT NULL,
  `desig` varchar(255) COLLATE utf8mb4_unicode_ci DEFAULT NULL,
  `hqual` varchar(255) COLLATE utf8mb4_unicode_ci DEFAULT NULL,
  `train_qual` varchar(255) COLLATE utf8mb4_unicode_ci DEFAULT NULL,
  `extra_qual` varchar(255) COLLATE utf8mb4_unicode_ci DEFAULT NULL,
  `main_subject_id` varchar(255) COLLATE utf8mb4_unicode_ci DEFAULT NULL,
  `status` varchar(255) COLLATE utf8mb4_unicode_ci DEFAULT NULL,
  `notes` varchar(255) COLLATE utf8mb4_unicode_ci DEFAULT NULL,
  `prev_session_pk` int(11) DEFAULT NULL,
  `img_ref` varchar(255) COLLATE utf8mb4_unicode_ci DEFAULT NULL,
  `user_id` int(11) NOT NULL,
  `created_at` timestamp NULL DEFAULT NULL,
  `updated_at` timestamp NULL DEFAULT NULL
) ENGINE=InnoDB DEFAULT CHARSET=utf8mb4 COLLATE=utf8mb4_unicode_ci;

--
-- Dumping data for table `wsteachers`
--

INSERT INTO `wsteachers` (`id`, `session_id`, `name`, `name_alias`, `mobno`, `desig`, `hqual`, `train_qual`, `extra_qual`, `main_subject_id`, `status`, `notes`, `prev_session_pk`, `img_ref`, `user_id`, `created_at`, `updated_at`) VALUES
(1, 1, 'Md Abdur Rouf', 'AR', '9735771008', 'HM/TIC', 'Masters with B.Ed', '', '', '17', 'active', 'blue', 0, 'https://images.pexels.com/photos/26793962/pexels-photo-26793962/free-photo-of-lying-shiba-inu-dog.png?auto=compress&cs=tinysrgb&w=600&lazy=load\" alt=\"\" class=\"absolute inset-0 w-full h-full object-cover', 0, '2018-03-22 03:04:13', '2024-08-21 15:43:50'),
(2, 1, 'Rafina Yeasmin', 'RY', NULL, 'AHM', 'Masters with B.Ed', '', '', '2', 'active', 'indigo', 0, 'https://a.storyblok.com/f/191576/1200x800/a3640fdc4c/profile_picture_maker_before.webp', 53, '2018-03-22 03:04:42', '2024-10-22 10:24:26'),
(3, 1, 'Narayan Barman', 'NB', '9732530964', 'Asst. Teacher', 'Masters with B.Ed', '', '', '5', 'active', 'orange', 0, 'https://www.shutterstock.com/image-photo/head-shot-portrait-close-smiling-260nw-1714666150.jpg', 69, '2018-03-22 03:05:26', '2024-10-28 10:15:47'),
(4, 1, 'Ganesh Chandra Mondal', 'GCM', '9733812253', 'Asst. Teacher', 'Masters with B.Ed', '', '', '10', 'active', 'red', 0, 'https://www.shutterstock.com/image-photo/businessman-glasses-showing-smile-260nw-1685161825.jpg', 66, '2018-03-27 06:41:08', '2024-10-28 08:58:21'),
(5, 1, 'Md Abdul Momen', 'AM', '9735357312', 'Asst. Teacher', 'Masters with B.Ed', '', '', '14', 'active', 'green', 0, 'https://images.pexels.com/photos/1171036/pexels-photo-1171036.jpeg?auto=compress&cs=tinysrgb&w=600', 3, '2018-03-27 06:41:39', '2018-08-27 23:40:30'),
(6, 1, 'Navid Anjum', 'NA', NULL, 'Asst. Teacher', 'Masters with B.Ed', '', '', '4', 'active', 'rose', 0, 'https://www.shutterstock.com/image-photo/photo-attractive-business-man-bossy-260nw-1702517980.jpg', 58, '2018-03-27 06:42:17', '2024-10-24 11:21:06'),
(7, 1, 'Soumen Mondal', 'SM', NULL, 'Asst. Teacher', 'Bachallors with BEd', '', '', '16', 'active', 'lime', 0, 'https://encrypted-tbn0.gstatic.com/images?q=tbn:ANd9GcT0n1p10bykIvPYfQYclqnuRnc9YA8utcFnJ8XEPXGB7IVF-hmlTl095sS-UhVatNyidXA&usqp=CAU', 61, '2018-03-27 06:43:27', '2024-10-25 08:53:35'),
(8, 1, 'Md Mukhlesur Rahaman', 'MR', NULL, 'Asst. Teacher', 'Masters with B.Ed', '', '', '19', 'active', 'indigo', 0, 'https://www.shutterstock.com/image-photo/portrait-one-adult-caucasian-man-260nw-2100995140.jpg', 55, '2018-03-27 06:46:11', '2024-10-22 12:18:14'),
(9, 1, 'Md Sarifuzzaman', 'SZ', '9733265856', 'Asst. Teacher', 'Masters with B.Ed', '', '', '3', 'active', 'blue', 0, 'https://www.shutterstock.com/image-photo/portrait-one-adult-caucasian-man-260nw-2100995140.jpg', 43, '2018-03-27 06:46:38', '2024-10-03 08:32:56'),
(10, 1, 'Rajesh Upadhyay', 'RU', NULL, 'Asst. Teacher', 'Bachallors with BEd', '', '', '16', 'active', 'orange', 0, 'https://www.shutterstock.com/image-photo/portrait-one-adult-caucasian-man-260nw-2100995140.jpg', 45, '2018-03-27 06:47:19', '2024-10-03 10:13:25'),
(12, 1, 'Hari Narayan  Das', 'HND', '9153122277', 'Asst. Teacher', 'Masters with B.Ed', '', '', '4', 'active', 'red', 0, 'https://www.shutterstock.com/image-photo/portrait-one-adult-caucasian-man-260nw-2100995140.jpg', 63, '2018-03-27 06:50:02', '2024-10-24 11:36:13'),
(13, 1, 'Debasis Roy', 'DR', NULL, 'Asst. Teacher', 'Masters with B.Ed', '', '', '2', 'active', 'lime', 0, 'https://www.shutterstock.com/image-photo/portrait-one-adult-caucasian-man-260nw-2100995140.jpg', 60, '2018-03-27 06:50:28', '2024-10-25 07:44:49'),
(14, 1, 'Md Abul Fazal', 'AF', NULL, 'Asst. Teacher', 'Masters with B.Ed', '', '', '3', 'active', 'purple', 0, 'https://www.shutterstock.com/image-photo/portrait-one-adult-caucasian-man-260nw-2100995140.jpg', 42, '2018-03-27 06:52:08', '2024-10-03 08:01:13'),
(16, 1, 'Md Sabir Ahamed', 'SA', NULL, 'Asst. Teacher', 'Bachallors with BEd', '', '', '9', 'active', 'orange', 0, 'https://www.shutterstock.com/image-photo/portrait-one-adult-caucasian-man-260nw-2100995140.jpg', 29, '2018-03-27 06:52:40', '2024-10-01 09:13:35'),
(17, 1, 'Sk Abdul Aziz', 'SAZ', NULL, 'Asst. Teacher', 'Masters with B.Ed', '', '', '1', 'active', 'violet', 0, 'https://www.shutterstock.com/image-photo/handsome-latin-man-standing-over-260nw-2291952793.jpg', 0, '2018-03-27 06:57:42', '2024-10-28 10:37:23'),
(18, 1, 'Md Akramul Hoque', 'AH', NULL, 'Asst. Teacher', 'Masters with B.Ed', '', '', '3', 'active', 'indigo', 0, 'https://www.shutterstock.com/image-photo/portrait-one-adult-caucasian-man-260nw-2100995140.jpg', 56, '2018-08-26 22:28:43', '2024-10-23 07:07:09'),
(19, 1, 'Md Golam Mozaddid', 'GM', NULL, 'Asst. Teacher', 'Masters with B.Ed', '', '', '1', 'active', 'lime', 0, 'https://www.shutterstock.com/image-photo/portrait-one-adult-caucasian-man-260nw-2100995140.jpg', 40, '2018-08-26 22:29:24', '2024-10-03 07:45:16'),
(20, 1, 'Gajikul Islam', 'GI', NULL, 'Asst. Teacher', 'Masters with B.Ed', '', '', '1', 'active', 'rose', 0, 'https://www.shutterstock.com/image-photo/portrait-one-adult-caucasian-man-260nw-2100995140.jpg', 70, '2018-08-26 22:29:59', '2024-10-28 12:16:23'),
(21, 1, 'Arjina Khatun', 'AKh', NULL, 'Asst. Teacher', 'Masters with B.Ed', '', '', '1', 'active', 'green', 0, 'https://www.shutterstock.com/image-photo/portrait-one-adult-caucasian-man-260nw-2100995140.jpg', 51, '2018-08-26 22:30:04', '2024-10-22 07:50:02'),
(22, 1, 'Subhankar Bhattacharya', 'SB', NULL, 'Asst. Teacher', 'Masters with B.Ed', '', '', '19', 'active', 'blue', 0, 'https://www.shutterstock.com/image-photo/portrait-one-adult-caucasian-man-260nw-2100995140.jpg', 36, '2018-08-26 22:30:39', '2024-10-03 06:11:37'),
(23, 1, 'Md Samsad Hossain', 'SH', NULL, 'Asst. Teacher', 'Masters with B.Ed', '', '', '2', 'active', 'red', 0, 'https://www.shutterstock.com/image-photo/portrait-one-adult-caucasian-man-260nw-2100995140.jpg', 28, '2018-08-26 22:33:06', '2024-10-01 09:01:47'),
(24, 1, 'Md Hajekul Sk', 'HjS', NULL, 'Asst. Teacher', 'Masters with B.Ed', '', '', '18', 'active', 'purple', 0, 'https://www.shutterstock.com/image-photo/portrait-one-adult-caucasian-man-260nw-2100995140.jpg', 0, '2018-08-26 22:33:43', '2018-08-26 22:33:43'),
(25, 1, 'Md Masum Reja', 'MRj', NULL, 'Asst. Teacher', 'Masters with B.Ed', '', '', '4', 'active', 'violet', 0, 'https://www.shutterstock.com/image-photo/portrait-one-adult-caucasian-man-260nw-2100995140.jpg', 57, '2018-08-26 22:34:26', '2024-10-23 08:22:38'),
(26, 1, 'Md Ansarul Haque', 'AnH', '9563807273', 'Asst. Teacher', 'Masters with B.Ed', '', '', '16', 'active', 'lime', 0, 'https://www.shutterstock.com/image-photo/portrait-one-adult-caucasian-man-260nw-2100995140.jpg', 59, '2018-08-26 22:35:12', '2024-10-24 11:59:51'),
(27, 1, 'Md Bani Israil', 'BI', NULL, 'Asst. Teacher', 'Masters with B.Ed', '', '', '18', 'active', 'orange', 0, 'https://www.shutterstock.com/image-photo/portrait-one-adult-caucasian-man-260nw-2100995140.jpg', 0, '2018-03-27 06:54:17', '2018-03-27 06:54:17'),
(28, 1, 'Md Aynal Hoque', 'AH', NULL, 'Asst. Teacher', 'Bachallors with BEd', '', '', '2', 'active', 'indigo', 0, 'https://www.shutterstock.com/image-photo/portrait-one-adult-caucasian-man-260nw-2100995140.jpg', 65, '2018-03-27 06:55:03', '2024-10-28 08:46:37'),
(29, 1, 'MD Jamaluddin', 'JU', NULL, 'Asst. Teacher', 'Bachallors', '', '', '20', 'active', 'blue', 0, 'https://www.shutterstock.com/image-photo/portrait-one-adult-caucasian-man-260nw-2100995140.jpg', 67, '2018-08-26 22:49:42', '2024-10-28 09:01:11'),
(30, 1, 'Md Sahabuddin', 'Sh', NULL, 'Asst. Teacher', 'Bachallors with BEd', '', '', '2', 'active', 'green', 0, 'https://www.shutterstock.com/image-photo/portrait-one-adult-caucasian-man-260nw-2100995140.jpg', 64, '2018-03-27 06:58:04', '2024-10-28 08:36:20'),
(31, 1, 'Samima Khatun', 'SmKh', NULL, 'Asst. Teacher', 'Bachallors', '', '', '3', 'active', 'amber', 0, 'https://images.pexels.com/photos/415829/pexels-photo-415829.jpeg?auto=compress&cs=tinysrgb&w=400', 0, '2018-05-15 04:44:06', '2018-05-16 03:24:39'),
(32, 1, 'Rafikul Islam', 'RI', NULL, 'Asst. Teacher', 'Masters with B.Ed', '', '', '2', 'active', 'purple', 0, 'https://www.shutterstock.com/image-photo/portrait-one-adult-caucasian-man-260nw-2100995140.jpg', 0, '2018-03-27 06:57:23', '2018-03-27 06:57:23'),
(33, 1, 'Md Rafiqul Hasan', 'RH', NULL, 'Asst. Teacher', 'Masters with B.Ed', '', '', '4', 'active', 'red', 0, 'https://www.shutterstock.com/image-photo/handsome-latin-man-standing-over-260nw-2251938735.jpg', 62, '2018-03-27 06:59:26', '2024-10-25 10:08:17'),
(34, 1, 'Md Ismail Hoque', 'IHq', NULL, 'Para Teacher', 'Bachallors', '', '', '2', 'active', 'orange', 0, 'https://www.shutterstock.com/image-photo/portrait-one-adult-caucasian-man-260nw-2100995140.jpg', 0, '2018-03-27 07:01:02', '2018-03-27 07:01:02'),
(35, 1, 'Ziaul Hoque', 'ZHq', NULL, 'Para Teacher', 'Bachallors', '', '', '19', 'active', 'lime', 0, 'https://www.shutterstock.com/image-photo/portrait-one-adult-caucasian-man-260nw-2100995140.jpg', 27, '2018-03-27 07:01:30', '2024-10-01 07:36:42'),
(36, 1, 'Rakhi Khatun', 'RKh', NULL, 'Para Teacher', 'Bachallors', '', '', '1', 'active', 'blue', 0, 'https://www.shutterstock.com/image-photo/portrait-one-adult-caucasian-man-260nw-2100995140.jpg', 0, '2018-03-27 07:06:38', '2018-03-27 07:06:38'),
(38, 1, 'Rajibul Sk', 'RS', NULL, 'Asst. Teacher', 'Masters with B.Ed', '', '', '1', 'active', 'red', 0, 'https://www.shutterstock.com/image-photo/young-man-beard-wearing-business-260nw-1914140938.jpg', 0, '2018-03-27 06:58:56', '2024-10-22 03:15:38'),
(39, 1, 'Md Golam Kibria', 'GK', NULL, 'Asst. Teacher', 'Masters with B.Ed', '', '', '1', 'active', 'rose', 0, 'https://www.shutterstock.com/image-photo/portrait-one-adult-caucasian-man-260nw-2100995140.jpg', 52, '2018-08-26 22:34:26', '2024-10-22 09:24:48'),
(40, 1, 'Mst Sayera Khatun', 'SyKh', NULL, 'Asst. Teacher', 'Masters with B.Ed', '', '', '4', 'active', 'indigo', 0, 'https://www.shutterstock.com/image-photo/portrait-one-adult-caucasian-man-260nw-2100995140.jpg', 51, '2018-08-26 22:30:04', '2024-10-22 07:50:02'),
(41, 1, 'Mst Tuhina Khatun', 'Tkh', NULL, 'Asst. Teacher', 'Masters with B.Ed', '', '', '4', 'active', 'rose', 0, 'https://www.shutterstock.com/image-photo/portrait-one-adult-caucasian-man-260nw-2100995140.jpg', 0, '2018-08-26 22:30:04', '2024-10-22 07:50:02');

-- --------------------------------------------------------

--
-- Table structure for table `wstimes`
--

CREATE TABLE `wstimes` (
  `id` bigint(20) UNSIGNED NOT NULL,
  `name` varchar(255) COLLATE utf8mb4_unicode_ci NOT NULL,
  `name_sequence` int(11) DEFAULT NULL,
  `start_time` time DEFAULT NULL,
  `end_time` time DEFAULT NULL,
  `interval_in_minutes` int(11) DEFAULT NULL,
  `school_id` bigint(20) UNSIGNED NOT NULL,
  `session_id` bigint(20) UNSIGNED NOT NULL,
  `is_active` tinyint(1) DEFAULT NULL,
  `status` varchar(255) COLLATE utf8mb4_unicode_ci DEFAULT NULL,
  `remarks` varchar(255) COLLATE utf8mb4_unicode_ci DEFAULT NULL,
  `created_at` timestamp NULL DEFAULT NULL,
  `updated_at` timestamp NULL DEFAULT NULL
) ENGINE=InnoDB DEFAULT CHARSET=utf8mb4 COLLATE=utf8mb4_unicode_ci;

--
-- Dumping data for table `wstimes`
--

INSERT INTO `wstimes` (`id`, `name`, `name_sequence`, `start_time`, `end_time`, `interval_in_minutes`, `school_id`, `session_id`, `is_active`, `status`, `remarks`, `created_at`, `updated_at`) VALUES
(1, 'First', 1, '10:50:00', '11:30:00', 40, 1, 1, 1, NULL, NULL, '2024-12-23 18:30:00', '2024-12-23 18:30:00'),
(2, 'Second', 2, '11:30:00', '12:10:00', 40, 1, 1, 1, NULL, NULL, '2024-12-23 18:30:00', '2024-12-23 18:30:00'),
(3, 'Third', 3, '12:10:00', '12:50:00', 40, 1, 1, 1, NULL, NULL, '2024-12-23 18:30:00', '2024-12-23 18:30:00'),
(4, 'Forth', 4, '12:50:00', '13:30:00', 40, 1, 1, 1, NULL, NULL, '2024-12-23 18:30:00', '2024-12-23 18:30:00'),
(5, 'Tiffin', 5, '13:30:00', '14:10:00', 40, 1, 1, 1, NULL, NULL, '2024-12-23 18:30:00', '2024-12-23 18:30:00'),
(6, 'Fifth', 6, '14:10:00', '14:50:00', 40, 1, 1, 1, NULL, NULL, '2024-12-23 18:30:00', '2024-12-23 18:30:00'),
(7, 'Sixth', 7, '14:50:00', '15:30:00', 40, 1, 1, 1, NULL, NULL, '2024-12-23 18:30:00', '2024-12-23 18:30:00'),
(8, 'Seventh', 8, '15:30:00', '16:00:00', 30, 1, 1, 1, NULL, NULL, '2024-12-23 18:30:00', '2024-12-23 18:30:00'),
(9, 'Eighth', 9, '16:00:00', '16:30:00', 30, 1, 1, 1, NULL, NULL, '2024-12-23 18:30:00', '2024-12-23 18:30:00');

-- --------------------------------------------------------

--
-- Table structure for table `wsweeklyschedules`
--

CREATE TABLE `wsweeklyschedules` (
  `id` bigint(20) UNSIGNED NOT NULL,
  `wsday_id` bigint(20) UNSIGNED NOT NULL,
  `wsclass_id` bigint(20) UNSIGNED NOT NULL,
  `wssection_id` bigint(20) UNSIGNED NOT NULL,
  `wsperiod_id` bigint(20) UNSIGNED NOT NULL,
  `wssubject_id` bigint(20) UNSIGNED NOT NULL,
  `wsteacher_id` bigint(20) UNSIGNED NOT NULL,
  `school_id` bigint(20) UNSIGNED NOT NULL,
  `session_id` bigint(20) UNSIGNED NOT NULL,
  `is_active` tinyint(1) DEFAULT NULL,
  `status` varchar(255) COLLATE utf8mb4_unicode_ci DEFAULT NULL,
  `remarks` varchar(255) COLLATE utf8mb4_unicode_ci DEFAULT NULL,
  `created_at` timestamp NULL DEFAULT NULL,
  `updated_at` timestamp NULL DEFAULT NULL
) ENGINE=InnoDB DEFAULT CHARSET=utf8mb4 COLLATE=utf8mb4_unicode_ci;

--
-- Indexes for dumped tables
--

--
-- Indexes for table `failed_jobs`
--
ALTER TABLE `failed_jobs`
  ADD PRIMARY KEY (`id`),
  ADD UNIQUE KEY `failed_jobs_uuid_unique` (`uuid`);

--
-- Indexes for table `migrations`
--
ALTER TABLE `migrations`
  ADD PRIMARY KEY (`id`);

--
-- Indexes for table `password_resets`
--
ALTER TABLE `password_resets`
  ADD KEY `password_resets_email_index` (`email`);

--
-- Indexes for table `personal_access_tokens`
--
ALTER TABLE `personal_access_tokens`
  ADD PRIMARY KEY (`id`),
  ADD UNIQUE KEY `personal_access_tokens_token_unique` (`token`),
  ADD KEY `personal_access_tokens_tokenable_type_tokenable_id_index` (`tokenable_type`,`tokenable_id`);

--
-- Indexes for table `schools`
--
ALTER TABLE `schools`
  ADD PRIMARY KEY (`id`);

--
-- Indexes for table `sessions`
--
ALTER TABLE `sessions`
  ADD PRIMARY KEY (`id`);

--
-- Indexes for table `users`
--
ALTER TABLE `users`
  ADD PRIMARY KEY (`id`),
  ADD UNIQUE KEY `users_email_unique` (`email`);

--
-- Indexes for table `wsclassdaytps`
--
ALTER TABLE `wsclassdaytps`
  ADD PRIMARY KEY (`id`);

--
-- Indexes for table `wsclasses`
--
ALTER TABLE `wsclasses`
  ADD PRIMARY KEY (`id`);

--
-- Indexes for table `wsclasssections`
--
ALTER TABLE `wsclasssections`
  ADD PRIMARY KEY (`id`);

--
-- Indexes for table `wsclasssectionsubjectteacherweektps`
--
ALTER TABLE `wsclasssectionsubjectteacherweektps`
  ADD PRIMARY KEY (`id`);

--
-- Indexes for table `wsclasssubjects`
--
ALTER TABLE `wsclasssubjects`
  ADD PRIMARY KEY (`id`);

--
-- Indexes for table `wsclasssubjectweektps`
--
ALTER TABLE `wsclasssubjectweektps`
  ADD PRIMARY KEY (`id`);

--
-- Indexes for table `wsdayperiodtimes`
--
ALTER TABLE `wsdayperiodtimes`
  ADD PRIMARY KEY (`id`);

--
-- Indexes for table `wsdays`
--
ALTER TABLE `wsdays`
  ADD PRIMARY KEY (`id`);

--
-- Indexes for table `wsperiods`
--
ALTER TABLE `wsperiods`
  ADD PRIMARY KEY (`id`);

--
-- Indexes for table `wsperiodtimes`
--
ALTER TABLE `wsperiodtimes`
  ADD PRIMARY KEY (`id`);

--
-- Indexes for table `wssections`
--
ALTER TABLE `wssections`
  ADD PRIMARY KEY (`id`);

--
-- Indexes for table `wssubjects`
--
ALTER TABLE `wssubjects`
  ADD PRIMARY KEY (`id`);

--
-- Indexes for table `wssubjectteachers`
--
ALTER TABLE `wssubjectteachers`
  ADD PRIMARY KEY (`id`);

--
-- Indexes for table `wsteachers`
--
ALTER TABLE `wsteachers`
  ADD PRIMARY KEY (`id`);

--
-- Indexes for table `wstimes`
--
ALTER TABLE `wstimes`
  ADD PRIMARY KEY (`id`);

--
-- Indexes for table `wsweeklyschedules`
--
ALTER TABLE `wsweeklyschedules`
  ADD PRIMARY KEY (`id`);

--
-- AUTO_INCREMENT for dumped tables
--

--
-- AUTO_INCREMENT for table `failed_jobs`
--
ALTER TABLE `failed_jobs`
  MODIFY `id` bigint(20) UNSIGNED NOT NULL AUTO_INCREMENT;

--
-- AUTO_INCREMENT for table `migrations`
--
ALTER TABLE `migrations`
  MODIFY `id` int(10) UNSIGNED NOT NULL AUTO_INCREMENT, AUTO_INCREMENT=23;

--
-- AUTO_INCREMENT for table `personal_access_tokens`
--
ALTER TABLE `personal_access_tokens`
  MODIFY `id` bigint(20) UNSIGNED NOT NULL AUTO_INCREMENT;

--
-- AUTO_INCREMENT for table `schools`
--
ALTER TABLE `schools`
  MODIFY `id` bigint(20) UNSIGNED NOT NULL AUTO_INCREMENT, AUTO_INCREMENT=2;

--
-- AUTO_INCREMENT for table `sessions`
--
ALTER TABLE `sessions`
  MODIFY `id` bigint(20) UNSIGNED NOT NULL AUTO_INCREMENT, AUTO_INCREMENT=2;

--
-- AUTO_INCREMENT for table `users`
--
ALTER TABLE `users`
  MODIFY `id` bigint(20) UNSIGNED NOT NULL AUTO_INCREMENT, AUTO_INCREMENT=2;

--
-- AUTO_INCREMENT for table `wsclassdaytps`
--
ALTER TABLE `wsclassdaytps`
  MODIFY `id` bigint(20) UNSIGNED NOT NULL AUTO_INCREMENT, AUTO_INCREMENT=49;

--
-- AUTO_INCREMENT for table `wsclasses`
--
ALTER TABLE `wsclasses`
  MODIFY `id` bigint(20) UNSIGNED NOT NULL AUTO_INCREMENT, AUTO_INCREMENT=9;

--
-- AUTO_INCREMENT for table `wsclasssections`
--
ALTER TABLE `wsclasssections`
  MODIFY `id` bigint(20) UNSIGNED NOT NULL AUTO_INCREMENT, AUTO_INCREMENT=21;

--
-- AUTO_INCREMENT for table `wsclasssectionsubjectteacherweektps`
--
ALTER TABLE `wsclasssectionsubjectteacherweektps`
  MODIFY `id` bigint(20) UNSIGNED NOT NULL AUTO_INCREMENT, AUTO_INCREMENT=202;

--
-- AUTO_INCREMENT for table `wsclasssubjects`
--
ALTER TABLE `wsclasssubjects`
  MODIFY `id` bigint(20) UNSIGNED NOT NULL AUTO_INCREMENT, AUTO_INCREMENT=122;

--
-- AUTO_INCREMENT for table `wsclasssubjectweektps`
--
ALTER TABLE `wsclasssubjectweektps`
  MODIFY `id` bigint(20) UNSIGNED NOT NULL AUTO_INCREMENT;

--
-- AUTO_INCREMENT for table `wsdayperiodtimes`
--
ALTER TABLE `wsdayperiodtimes`
  MODIFY `id` bigint(20) UNSIGNED NOT NULL AUTO_INCREMENT;

--
-- AUTO_INCREMENT for table `wsdays`
--
ALTER TABLE `wsdays`
  MODIFY `id` bigint(20) UNSIGNED NOT NULL AUTO_INCREMENT, AUTO_INCREMENT=7;

--
-- AUTO_INCREMENT for table `wsperiods`
--
ALTER TABLE `wsperiods`
  MODIFY `id` bigint(20) UNSIGNED NOT NULL AUTO_INCREMENT, AUTO_INCREMENT=9;

--
-- AUTO_INCREMENT for table `wsperiodtimes`
--
ALTER TABLE `wsperiodtimes`
  MODIFY `id` bigint(20) UNSIGNED NOT NULL AUTO_INCREMENT, AUTO_INCREMENT=9;

--
-- AUTO_INCREMENT for table `wssections`
--
ALTER TABLE `wssections`
  MODIFY `id` bigint(20) UNSIGNED NOT NULL AUTO_INCREMENT, AUTO_INCREMENT=4;

--
-- AUTO_INCREMENT for table `wssubjects`
--
ALTER TABLE `wssubjects`
  MODIFY `id` bigint(20) UNSIGNED NOT NULL AUTO_INCREMENT, AUTO_INCREMENT=39;

--
-- AUTO_INCREMENT for table `wssubjectteachers`
--
ALTER TABLE `wssubjectteachers`
  MODIFY `id` bigint(20) UNSIGNED NOT NULL AUTO_INCREMENT;

--
-- AUTO_INCREMENT for table `wsteachers`
--
ALTER TABLE `wsteachers`
  MODIFY `id` bigint(20) UNSIGNED NOT NULL AUTO_INCREMENT, AUTO_INCREMENT=43;

--
-- AUTO_INCREMENT for table `wstimes`
--
ALTER TABLE `wstimes`
  MODIFY `id` bigint(20) UNSIGNED NOT NULL AUTO_INCREMENT, AUTO_INCREMENT=10;

--
-- AUTO_INCREMENT for table `wsweeklyschedules`
--
ALTER TABLE `wsweeklyschedules`
  MODIFY `id` bigint(20) UNSIGNED NOT NULL AUTO_INCREMENT;
COMMIT;

/*!40101 SET CHARACTER_SET_CLIENT=@OLD_CHARACTER_SET_CLIENT */;
/*!40101 SET CHARACTER_SET_RESULTS=@OLD_CHARACTER_SET_RESULTS */;
/*!40101 SET COLLATION_CONNECTION=@OLD_COLLATION_CONNECTION */;
